ID,SMILES,QED,Retrosynthesis Score,Retrosynthesis Steps
1,CCCc1ncnc(-c2ccc(C(=O)N3CCN(C(C)CC)CC3)c(F)c2)c1C#Cc1ccc(N)nc1,0.511404932,0.6,5
2,CCc1ncnc(-c2ccc(C(=O)N3CCN(C(C)C)CC3)c(F)c2)c1C#Cc1ccc(N)nc1,0.585936069,0.2,2
3,CC(C)Cc1ncnc(-c2ccc(C(=O)N3CCN(C(C)C)CC3)c(F)c2)c1C#Cc1ccc(N)nc1,0.532573581,0.6,7
4,CCc1ncnc(-c2ccc(C(=O)N3CCN(C(C)CC)CC3)cc2)c1C#Cc1ccc(N)nc1,0.575435281,0.6,4
5,CCCC(C)N1CCN(C(=O)c2ccc(-c3ncnc(CC)c3C#Cc3ccc(N)nc3)cc2F)CC1,0.511404932,0.6,5
6,CCCc1ncnc(-c2ccc(C(=O)N3CCN(C(C)C)CC3)c(F)c2)c1C#Cc1ccc(N)nc1,0.552513182,0.5,7
7,CCC(C)N1CCN(C(=O)c2ccc(-c3ncnc(CC(C)C)c3C#Cc3ccc(N)nc3)cc2F)CC1,0.490370721,0.6,4
8,CCc1ncnc(-c2ccc(C(=O)N3CCN(C(C)C)CC3)c(F)c2F)c1C#Cc1ccc(N)nc1,0.563302994,,
9,CCCc1ncnc(-c2cnc(C(=O)N3CCN(C(C)CC)CC3)c(F)c2)c1C#Cc1ccc(N)nc1,0.515526056,0.5,8
10,CCc1ncnc(-c2ccc(C(=O)N3CCN(C(C)C)CC3)cc2)c1C#Cc1ccc(N)nc1,0.609108686,,
11,CCCc1ncnc(-c2ccc(C(=O)N3CCC(C)CC3)c(C)c2)c1C#Cc1ccc(N)nc1,0.581233025,,
12,CCc1ncnc(-c2ccc(C(=O)N3CCC(N(C)C)CC3)c(F)c2)c1C#Cc1ccc(N)nc1,0.585936069,0.6,2
13,CC(C)c1ncnc(-c2ccc(C(=O)N3CCN(C(C)C)CC3)c(F)c2)c1C#Cc1ccc(N)nc1,0.562114537,0.6,6
14,CCCCc1ncnc(-c2ccc(C(=O)N3CCN(C(C)CC)CC3)c(F)c2)c1C#Cc1ccc(N)nc1,0.465336949,,
15,CCCc1ncnc(-c2ccc(C(=O)N3CCN(C(=O)CC)CC3)c(F)c2)c1C#Cc1ccc(N)nc1,0.539189696,0.6,5
16,CCCc1ncnc(-c2ccc(C(=O)N3CCN(C(C)CC)CC3)cc2)c1C#Cc1ccc(N)nc1,0.533928573,0.6,4
17,CCCc1ncnc(-c2ccc(C(=O)N3CCN(C)CC3)c(F)c2)c1C#Cc1ccc(N)nc1,0.605020642,0.6,5
18,CC(C)Cc1ncnc(-c2ccc(C(=O)N3CCN(C(C)C)CC3)cc2)c1C#Cc1ccc(N)nc1,0.555402994,,
19,CCC(=O)N1CCN(C(=O)c2ccc(-c3ncnc(CC)c3C#Cc3ccc(N)nc3)cc2F)CC1,0.568811595,0.7,3
20,CC(C)Cc1ncnc(-c2ccc(C(=O)N3CCN(C)CC3)c(F)c2)c1C#Cc1ccc(N)nc1,0.586795449,0.6,6
21,CCc1ncnc(-c2ccc(C(=O)N3CCN(C(=O)C(C)C)CC3)c(F)c2)c1C#Cc1ccc(N)nc1,0.552016139,0.7,3
22,CCc1ncnc(-c2ccc(C(=O)N3CCN(C(=O)C(C)CC)CC3)c(F)c2)c1C#Cc1ccc(N)nc1,0.522332489,0.7,3
23,CCCc1ncnc(-c2ccc(C(=O)N3CCC(C(C)C)CC3)c(F)c2)c1C#Cc1ccc(N)nc1,0.507195532,0.6,5
24,CCc1ncnc(-c2ccc(C(=O)N3CCN(C(C)C(C)C)CC3)c(F)c2)c1C#Cc1ccc(N)nc1,0.532573581,0.2,3
25,CCC(C)N1CCN(C(=O)c2ccc(-c3ncnc(C(C)C)c3C#Cc3ccc(N)nc3)cc2F)CC1,0.524619579,0.6,7
26,CCCCc1ncnc(-c2ccc(C(=O)N3CCN(C(C)C)CC3)c(F)c2)c1C#Cc1ccc(N)nc1,0.511404932,0.7,4
27,CCc1ncnc(-c2ccc(C(=O)N3CC(C)CC(C)C3)c(F)c2)c1C#Cc1ccc(N)nc1,0.591635883,0.6,4
28,CCc1ncnc(-c2ccc(C(=O)N3CCN(C(C)CC)CC3)cc2F)c1C#Cc1ccc(N)nc1,0.552513182,0.7,2
29,CCc1ncnc(-c2ccc(C(=O)N3CCN(C(C)C)CC3)nc2)c1C#Cc1ccc(N)nc1,0.603663325,,
30,CCCc1ncnc(-c2ccc(C(=O)N3CCN(C(C)C)CC3)cc2)c1C#Cc1ccc(N)nc1,0.575435281,,
31,CCCC(=O)N1CCN(C(=O)c2ccc(-c3ncnc(CC)c3C#Cc3ccc(N)nc3)cc2F)CC1,0.539189696,0.7,3
32,CCc1ncnc(-c2ccc(C(=O)N3CCN(C(C)C)CC3)cc2F)c1C#Cc1ccc(N)nc1,0.585936069,0.7,2
33,CCc1ncnc(-c2ccc(C(=O)N3CCN(C(C)CC)CC3)cn2)c1C#Cc1ccc(N)nc1,0.573289216,0.2,4
34,CCc1ncnc(-c2ccc(C(=O)N3CCC(CC)CC3)c(F)c2)c1C#Cc1ccc(N)nc1,0.583954036,0.7,4
35,CCc1ncnc(-c2ccc(C(=O)N3CCN(C(C)C(C)CC)CC3)c(F)c2)c1C#Cc1ccc(N)nc1,0.490370721,,
36,CCCc1ncnc(-c2ccc(C(=O)N3CCN(C(=O)C(C)C)CC3)c(F)c2)c1C#Cc1ccc(N)nc1,0.522332489,,
37,CCCc1ncnc(-c2ccc(C(=O)N3CCN(C(=O)CC)CC3)cc2)c1C#Cc1ccc(N)nc1,0.560272455,,
38,CCc1ncnc(-c2ccc(C(=O)N3CCN(C(=O)C(C)CC)CC3)cc2)c1C#Cc1ccc(N)nc1,0.542935789,,
39,CCCc1ncnc(-c2ccc(C(=O)N3CCC(N(C)C)CC3)c(F)c2)c1C#Cc1ccc(N)nc1,0.552513182,0.6,4
40,CCc1ncnc(-c2cnc(C(=O)N3CCN(C(C)C)CC3)c(F)c2)c1C#Cc1ccc(N)nc1,0.581652582,0.7,5
41,CCCc1ncnc(-c2ccc(C(=O)N3CCC(N)CC3)c(F)c2)c1C#Cc1ccc(N)nc1,0.581178188,,
42,CCCCc1ncnc(-c2ccc(C(=O)N3CCN(C(=O)CC)CC3)c(F)c2)c1C#Cc1ccc(N)nc1,0.503202796,,
43,CCCc1ncnc(-c2ccc(C(=O)N3CCC(C)CC3)c(F)c2)c1C#Cc1ccc(N)nc1,0.583954036,0.7,4
44,CCc1ncnc(-c2ccc(C(=O)N3CCC(N(C)C)CC3)cn2)c1C#Cc1ccc(N)nc1,0.603663325,,
45,CCCc1ncnc(-c2ccc(C(=O)N3CCCC(N)C3)c(F)c2)c1C#Cc1ccc(N)nc1,0.581178188,0.5,7
46,CCCC(=O)N1CCN(C(=O)c2ccc(-c3ncnc(CCC)c3C#Cc3ccc(N)nc3)cc2F)CC1,0.503202796,,
47,CCc1ncnc(-c2ccc(C(=O)N3CCN(C(=O)C(C)C)CC3)cc2)c1C#Cc1ccc(N)nc1,0.573347807,,
48,CCc1ncnc(-c2ccc(C(=O)N3CCN(C(C)C)CC3)cn2)c1C#Cc1ccc(N)nc1,0.603663325,,
49,CCCc1ncnc(-c2ccc(C(=O)N3CCCN(C)CC3)c(F)c2)c1C#Cc1ccc(N)nc1,0.585924625,0.6,4
50,CCc1ncnc(-c2ccc(C(=O)N3CCC(N(C)C)CC3)cc2)c1C#Cc1ccc(N)nc1,0.609108686,,
51,CCc1ncnc(-c2ccc(C(=O)N3CCC(N(C)C)CC3)c(F)c2F)c1C#Cc1ccc(N)nc1,0.563302994,,
52,CCc1ncnc(-c2ccc(C(=O)N3CCCN(C(C)C)CC3)c(F)c2)c1C#Cc1ccc(N)nc1,0.564984024,0.3,4
53,CC(C)Cc1ncnc(-c2ccc(C(=O)N3CCN(C)CC3)cc2)c1C#Cc1ccc(N)nc1,0.609713197,,
54,CCc1ncnc(-c2cc(F)c(C(=O)N3CCN(C(C)CC)CC3)c(F)c2)c1C#Cc1ccc(N)nc1,0.530265272,0.6,2
55,CCc1ncnc(-c2ccc(C(=O)N3CCN(CC)CC3)c(F)c2)c1C#Cc1ccc(N)nc1,0.605020642,0.7,2
56,CCc1ncnc(-c2ccc(C(=O)N3CCN(C(=O)C(C)CC)CC3)cc2F)c1C#Cc1ccc(N)nc1,0.522332489,,
57,CC(C)C(=O)N1CCN(C(=O)c2ccc(-c3ncnc(C(C)C)c3C#Cc3ccc(N)nc3)cc2F)CC1,0.532276511,,
58,CCCCc1ncnc(-c2ccc(C(=O)N3CCC(N(C)C)CC3)c(F)c2)c1C#Cc1ccc(N)nc1,0.511404932,0.7,4
59,CCc1ncnc(-c2ccc(C(=O)N3CCC(C(N)CC)CC3)c(F)c2)c1C#Cc1ccc(N)nc1,0.530742466,0.6,3
60,CCCCc1ncnc(-c2ccc(C(=O)N3CCN(C)CC3)c(F)c2)c1C#Cc1ccc(N)nc1,0.57299161,0.6,5
61,CCc1ncnc(-c2ccc(C(=O)N3CCN(C(=O)CC(C)C)CC3)c(F)c2)c1C#Cc1ccc(N)nc1,0.522332489,,
62,CCCc1ncnc(-c2ccc(C(=O)N3CCN(C(C)C)CC3)cn2)c1C#Cc1ccc(N)nc1,0.573289216,,
63,CCCC(C)c1ncnc(-c2ccc(C(=O)N3CCN(C(C)C)CC3)c(F)c2)c1C#Cc1ccc(N)nc1,0.47873801,,
64,CCCCc1ncnc(-c2ccc(C(=O)N3CCCC(N)CC3)c(F)c2)c1C#Cc1ccc(N)nc1,0.528397381,0.2,4
65,CCCCc1ncnc(-c2ccc(C(=O)N3CCN(C(C)C)CC3)cc2)c1C#Cc1ccc(N)nc1,0.533928573,,
66,CCCCc1ncnc(-c2ccc(C(=O)N3CCN(C)CC3)cc2)c1C#Cc1ccc(N)nc1,0.595655739,,
67,CCCc1ncnc(-c2ccc(C(=O)N3CCN(C(C)C(C)C)CC3)c(F)c2)c1C#Cc1ccc(N)nc1,0.490370721,0.2,5
68,CCc1ncnc(-c2ccc(C(=O)N3CCC(C(C)CC)CC3)c(F)c2)c1C#Cc1ccc(N)nc1,0.507195532,0.2,2
69,CCc1ncnc(-c2ccc(C(=O)N3CCCN(C(C)CC)CC3)c(F)c2)c1C#Cc1ccc(N)nc1,0.529338181,0.7,3
70,CCCC(CC)c1ncnc(-c2ccc(C(=O)N3CCN(C)CC3)cc2)c1C#Cc1ccc(N)nc1,0.529940128,,
71,CCCc1ncnc(-c2ccc(C(=O)N3CCC(N(C)C)CC3)cc2)c1C#Cc1ccc(N)nc1,0.575435281,,
72,CCc1ncnc(-c2ccc(C(=O)N3CCC(CC)(CC)CC3)c(F)c2)c1C#Cc1ccc(N)nc1,0.498180687,,
73,CCc1ncnc(-c2ccc(C(=O)N3CCC(N(C)C)CC3)nc2)c1C#Cc1ccc(N)nc1,0.603663325,,
74,CCc1ncnc(-c2cnc(C(=O)N3CCN(C(C)CC)CC3)c(F)c2)c1C#Cc1ccc(N)nc1,0.551805317,0.2,2
75,CC(C)CCc1ncnc(-c2ccc(C(=O)N3CCN(C(C)C)CC3)c(F)c2)c1C#Cc1ccc(N)nc1,0.490370721,,
76,CCCc1ncnc(-c2ccc(C(=O)N3CCCC(C)C3)c(F)c2)c1C#Cc1ccc(N)nc1,0.583954036,0.6,5
77,CCc1ncnc(-c2ccc(C(=O)N3CCCN(C(C)C)CC3)cc2)c1C#Cc1ccc(N)nc1,0.588423431,,
78,CCc1ncnc(-c2ccc(C(=O)N3CCN(C(=O)C(C)C)CC3)cc2F)c1C#Cc1ccc(N)nc1,0.552016139,,
79,CCc1ncnc(-c2ccc(C(=O)N3CCN(C(=O)C(C)CC)CC3)cn2)c1C#Cc1ccc(N)nc1,0.538621008,,
80,CCc1ncnc(-c2ccc(C(=O)N3CCN(C(C)CC)CC3)c(F)c2F)c1C#Cc1ccc(N)nc1,0.530265272,0.2,2
81,CCCc1ncnc(-c2ccc(C(=O)N3CCCC(C)C3)cc2)c1C#Cc1ccc(N)nc1,0.611257315,,
82,CCCc1ncnc(-c2ccc(C(=O)N3CCN(C(C)C)CC3)c(F)c2F)c1C#Cc1ccc(N)nc1,0.530265272,,
83,CCc1ncnc(-c2ccc(C(=O)N3CCC(C(C)(C)C)CC3)c(F)c2)c1C#Cc1ccc(N)nc1,0.520662963,0.2,4
84,CCc1ncnc(-c2ccc(C(=O)N3CCC(C(C)C)CC3)c(F)c2)c1C#Cc1ccc(N)nc1,0.556262612,0.2,4
85,CC(C)c1ncnc(-c2ccc(C(=O)N3CCC(N(C)C)CC3)c(F)c2)c1C#Cc1ccc(N)nc1,0.562114537,0.6,4
86,CCCC(=O)N1CCN(C(=O)c2ccc(-c3ncnc(CC)c3C#Cc3ccc(N)nc3)cc2)CC1,0.560272455,,
87,CCCc1ncnc(-c2ccc(C(=O)N3CCC(C(C)CC)CC3)c(F)c2)c1C#Cc1ccc(N)nc1,0.452179164,,
88,CCCc1ncnc(-c2ccc(C(=O)N3CCCC(CN(C)C)C3)c(F)c2)c1C#Cc1ccc(N)nc1,0.514499307,,
89,CCc1ncnc(-c2cnc(C(=O)N3CCN(C(=O)C(C)CC)CC3)c(F)c2)c1C#Cc1ccc(N)nc1,0.519209802,,
90,CCCCC(=O)N1CCN(C(=O)c2ccc(-c3ncnc(CC)c3C#Cc3ccc(N)nc3)cc2)CC1,0.523405313,,
91,CCCCc1ncnc(-c2ccc(C(=O)N3CCN(C(C)CC)CC3)cc2F)c1C#Cc1ccc(N)nc1,0.465336949,,
92,CCCCc1ncnc(-c2ccc(C(=O)N3CCCCC3)c(F)c2)c1C#Cc1ccc(N)nc1,0.564934433,0.7,4
93,CCCc1ncnc(-c2cc(F)c(C(=O)N3CC(C)CC(C)C3)c(F)c2)c1C#Cc1ccc(N)nc1,0.528816104,,
94,CCc1ncnc(-c2ccc(C(=O)N3CCN(C(=O)C(C)CC)CC3)cc2C)c1C#Cc1ccc(N)nc1,0.524715245,,
95,CCc1ncnc(-c2ccc(C(=O)N3CCC(C(C)CC)CC3)cc2)c1C#Cc1ccc(N)nc1,0.535004914,,
96,CCc1ncnc(-c2ccc(C(=O)N3CCC(N4CCCCC4)CC3)c(F)c2)c1C#Cc1ccc(N)nc1,0.524330139,,
97,CCc1ncnc(-c2ccc(C(=O)N3CCC(N(CC)CC)CC3)c(F)c2)c1C#Cc1ccc(N)nc1,0.511404932,0.2,3
98,CC(C)C(=O)N1CCN(C(=O)c2ccc(-c3ncnc(C(C)C)c3C#Cc3ccc(N)nc3)cc2)CC1,0.553723097,,
99,CCCc1ncnc(-c2ccc(C(=O)N3CCN(C(=O)C(C)CC)CC3)cc2)c1C#Cc1ccc(N)nc1,0.505897045,,
100,CCc1ncnc(-c2cnc(C(=O)N3CCN(C(C)CC)CC3)nc2)c1C#Cc1ccc(N)nc1,0.565747023,0.6,3
101,CCc1ncnc(-c2ccc(C(=O)N3CCCN(C(C)C(C)C)CC3)c(F)c2)c1C#Cc1ccc(N)nc1,0.507566392,,
102,CCCCC(=O)N1CCN(C(=O)c2ccc(-c3ncnc(CC)c3C#Cc3ccc(N)nc3)cc2F)CC1,0.503202796,,
103,CCCc1ncnc(-c2ccc(C(=O)N3CCCN(C(C)C)CC3)c(F)c2)c1C#Cc1ccc(N)nc1,0.529338181,0.6,5
104,CCc1ncnc(-c2ccc(C(=O)N3CCC(C(C)(C)CC)CC3)c(F)c2)c1C#Cc1ccc(N)nc1,0.468035579,,
105,CCc1ncnc(-c2ccc(C(=O)N3CCC(C(N)CC)CC3)cc2)c1C#Cc1ccc(N)nc1,0.552865922,,
106,CCc1ncnc(-c2ccc(C(=O)N3CCC(CC(C)C)CC3)c(F)c2)c1C#Cc1ccc(N)nc1,0.507195532,0.2,4
107,CCCc1ncnc(-c2ccc(C(=O)N3CCN(C(=O)C(C)C)CC3)cc2)c1C#Cc1ccc(N)nc1,0.542935789,,
108,CCCc1ncnc(-c2ccc(C(=O)N3CCN(C(C)CC)CC3)cn2)c1C#Cc1ccc(N)nc1,0.536187947,,
109,CCc1ncnc(-c2ccc(C(=O)N3CCN(C(=O)CC(C)CC)CC3)cc2)c1C#Cc1ccc(N)nc1,0.505897045,,
110,CCc1ncnc(-c2ccc(C(=O)N3CCN(C(=O)N(C)C)CC3)c(F)c2)c1C#Cc1ccc(N)nc1,0.553083241,,
111,CCCC(=O)N1CCN(C(=O)c2ccc(-c3ncnc(CCC)c3C#Cc3ccc(N)nc3)cc2)CC1,0.523405313,,
112,CCCc1ncnc(-c2ccc(C(=O)N3CCC(CC)CC3)c(F)c2)c1C#Cc1ccc(N)nc1,0.536596954,0.2,5
113,CCCc1ncnc(-c2ccc(C(=O)N3CCCC(N)CC3)c(F)c2)c1C#Cc1ccc(N)nc1,0.561868548,0.2,3
114,CCc1ncnc(-c2ccc(C(=O)N3CCC(C(C)C)CC3)cc2)c1C#Cc1ccc(N)nc1,0.584149718,,
115,CCc1ncnc(-c2ccc(C(=O)N3CCC(C(C)C)CC3)cn2)c1C#Cc1ccc(N)nc1,0.598878503,,
116,CCc1ncnc(-c2ccc(C(=O)N3CCC(N(C)CC)CC3)cc2)c1C#Cc1ccc(N)nc1,0.575435281,,
117,CCCCc1ncnc(-c2ccc(C(=O)N3CCN(C)CC3)cc2F)c1C#Cc1ccc(N)nc1,0.57299161,,
118,CCCc1ncnc(-c2ccc(C(=O)N3CCN(C)CC3)c(F)c2C)c1C#Cc1ccc(N)nc1,0.586456358,,
119,CCc1ncnc(-c2ccc(C(=O)N3CCC(N(C)C)C3)c(F)c2)c1C#Cc1ccc(N)nc1,0.605023861,0.6,4
120,CCc1ncnc(-c2ccc(C(=O)N3CCC(N(C)CC)CC3)c(F)c2)c1C#Cc1ccc(N)nc1,0.552513182,0.6,3
121,CCc1ncnc(-c2ccc(C(=O)N3CCCC(N(C)C)C3)c(F)c2)c1C#Cc1ccc(N)nc1,0.585936069,0.7,2
122,CCCc1ncnc(-c2ccc(C(=O)N3CCN(C(C)CC)CC3)cc2F)c1C#Cc1ccc(N)nc1,0.511404932,,
123,CCc1nc(N)nc(-c2ccc(C(=O)N3CCN(C(C)C)CC3)cc2F)c1C#Cc1ccc(N)nc1,0.543958187,,
124,CCc1ncnc(-c2ccc(C(=O)N3CCC(CN)CC3)cc2F)c1C#Cc1ccc(N)nc1,0.581623971,,
125,CCc1ncnc(-c2ccc(C(=O)N3CCC(N(C)C)CC3)cc2F)c1C#Cc1ccc(N)nc1,0.585936069,,
126,CCc1ncnc(-c2ccc(C(=O)N3CCC(CC(N)=O)CC3)c(F)c2)c1C#Cc1ccc(N)nc1,0.533859789,,
127,CCc1ncnc(-c2ccc(C(=O)N3CCCC(C)CC3)c(F)c2)c1C#Cc1ccc(N)nc1,0.586227834,0.7,3
128,CCc1ncnc(-c2ccc(C(=O)N3CCN(C(C)C)CC3)c(F)c2)c1C#Cc1ccc(N(C)C)nc1,0.495828599,0.6,5
129,CCc1ncnc(-c2cnc(C(=O)N3CCC(C(C)(C)C)CC3)c(F)c2)c1C#Cc1ccc(N)nc1,0.547036588,,
130,CC(C)c1ncnc(-c2ccc(C(=O)N3CCC(C(C)C)CC3)c(F)c2)c1C#Cc1ccc(N)nc1,0.50765413,,
131,CCCc1ncnc(-c2ccc(C(=O)N3CCN(C)CC3)cc2F)c1C#Cc1ccc(N)nc1,0.605020642,,
132,CCC(=O)N1CCN(C(=O)c2ccc(-c3ncnc(CC)c3C#Cc3ccc(N)nc3)c(F)c2)CC1,0.568811595,,
133,CCc1ncnc(-c2ccc(C(=O)N3CCC(C(C)CC)CC3)cn2)c1C#Cc1ccc(N)nc1,0.558347404,,
134,CCCc1ncnc(-c2ccc(C(=O)N3CCC(C(N)CC)CC3)c(F)c2)c1C#Cc1ccc(N)nc1,0.490908414,,
135,CCc1ncnc(-c2ccc(C(=O)N3CCCN(C(C)CC)CC3)cc2F)c1C#Cc1ccc(N)nc1,0.529338181,,
136,CC(C)Cc1ncnc(-c2ccc(C(=O)N3CCCC(N)CC3)c(F)c2)c1C#Cc1ccc(N)nc1,0.542721868,0.2,4
137,CCCc1ncnc(-c2ccc(C(=O)N3CCCCC3C)cc2)c1C#Cc1ccc(N)nc1,0.605704427,,
138,CCCc1ncnc(-c2ccc(C(=O)N3CCN(C(=O)N(C)C)CC3)c(F)c2)c1C#Cc1ccc(N)nc1,0.535336852,,
139,CCCC(C)C1CCN(C(=O)c2ccc(-c3ncnc(CC)c3C#Cc3ccc(N)nc3)cc2F)CC1,0.452179164,,
140,CCCCc1ncnc(-c2ccc(C(=O)N3CCN(C(C)C)CC3)cn2)c1C#Cc1ccc(N)nc1,0.536187947,,
141,CCc1ncnc(-c2ccc(C(=O)N3CCC(C(N)CC)CC3)cc2F)c1C#Cc1ccc(N)nc1,0.530742466,,
142,CCc1ncnc(-c2ccc(C(=O)N3CCC(N(C)CC)C3)c(F)c2)c1C#Cc1ccc(N)nc1,0.573002815,0.2,3
143,CCc1ncnc(-c2ccc(C(=O)N3CCCN(C(C)C)CC3)cn2)c1C#Cc1ccc(N)nc1,0.586228907,,
144,CCc1ncnc(-c2ccc(C(=O)N3CCN(C(=O)C(C)CC)CC3)nc2)c1C#Cc1ccc(N)nc1,0.538621008,,
145,CCC(C)N1CCN(C(=O)c2ccc(-c3ncnc(CC(C)C)c3C#Cc3ccc(N)nc3)cc2)CC1,0.512826383,,
146,CCCc1ncnc(-c2ccc(C(=O)N3CC(C)CC(C)C3)c(F)c2)c1C#Cc1ccc(N)nc1,0.556262612,0.6,5
147,CCCc1ncnc(-c2ccc(C(=O)N3CCC(C(C)(C)C)CC3)c(F)c2)c1C#Cc1ccc(N)nc1,0.478599638,,
148,CCc1ncnc(-c2ccc(C(=O)N3CCC(CN)CC3)c(F)c2)c1C#Cc1ccc(N)nc1,0.581623971,,
149,CCc1ncnc(-c2cnc(C(=O)N3CC(C)CC(C)C3)c(F)c2)c1C#Cc1ccc(N)nc1,0.600770652,,
150,CC(C)CCc1ncnc(-c2ccc(C(=O)N3CCCC(N)CC3)c(F)c2)c1C#Cc1ccc(N)nc1,0.508122921,,
151,CCCCc1ncnc(-c2ccc(C(=O)N3CCCC(C)C3)c(F)c2)c1C#Cc1ccc(N)nc1,0.536596954,0.7,4
152,CCCc1ncnc(-c2ccc(C(=O)N3CCCC(N)CC3)cc2)c1C#Cc1ccc(N)nc1,0.584499896,,
153,CCc1ncnc(-c2ccc(C(=O)N3CCCC(C(C)C)C3)c(F)c2)c1C#Cc1ccc(N)nc1,0.556262612,0.2,2
154,CCCC(C)N1CCCN(C(=O)c2ccc(-c3ncnc(CC)c3C#Cc3ccc(N)nc3)cc2F)CC1,0.485490978,,
155,CCCc1ncnc(-c2ccc(C(=O)N3CCN(C)CC3)c(F)c2F)c1C#Cc1ccc(N)nc1,0.582422435,,
156,CCC(C)C1CCN(C(=O)c2ccc(-c3ncnc(C(C)C)c3C#Cc3ccc(N)nc3)cc2F)CC1,0.456590563,,
157,CCc1ncnc(-c2cc(F)c(C(=O)N3CCN(C(C)C)CC3)c(F)c2)c1C#Cc1ccc(N)nc1,0.563302994,0.7,2
158,CCc1ncnc(-c2ccc(C(=O)N3CCC(CC(C)C)CC3)cc2)c1C#Cc1ccc(N)nc1,0.535004914,,
159,CCCc1ncnc(-c2ccc(C(=O)N3CCCN(C(C)CC)CC3)c(F)c2)c1C#Cc1ccc(N)nc1,0.485490978,,
160,CCc1ncnc(-c2ccc(C(=O)N3CCC(N(CC)CC)CC3)c(F)c2F)c1C#Cc1ccc(N)nc1,0.489631027,,
161,CCc1ncnc(-c2ccc(C(=O)N3CCC(C(=O)N(C)C)CC3)c(F)c2)c1C#Cc1ccc(N)nc1,0.552016139,0.7,3
161,CCc1ncnc(-c2ccc(C(=O)N3CCCC(N(C)C)CC3)c(F)c2)c1C#Cc1ccc(N)nc1,0.564984024,0.2,3
162,CCc1ncnc(-c2ccc(C(=O)N3CCC(C(C)C)CC3)c(C)c2)c1C#Cc1ccc(N)nc1,0.551837802,,
162,CCc1ncnc(-c2ccc(C(=O)N3CCCCC3CC)cc2)c1C#Cc1ccc(N)nc1,0.605704427,,
163,CCc1ncnc(-c2ccc(C(=O)N3CCC(C(C)C)CC3)cc2F)c1C#Cc1ccc(N)nc1,0.556262612,,
164,CCc1ncnc(-c2ccc(C(=O)N3CCC(C(N)CC)CC3)cn2)c1C#Cc1ccc(N)nc1,0.550388753,,
165,CCc1ncnc(-c2ccc(C(=O)N3CCCN(C(=O)C(C)C)CC3)cc2)c1C#Cc1ccc(N)nc1,0.555190444,,
166,CCc1ncnc(-c2ccc(C(=O)N3CCN(C(=O)C(C)C)CC3)cc2C)c1C#Cc1ccc(N)nc1,0.55572319,,
167,CCC(=O)N1CCN(C(=O)c2ccc(-c3ncnc(CC)c3C#Cc3ccc(N)nc3)nc2)C(C)C1,0.566712439,,
168,CCc1ncnc(-c2ccc(C(=O)N3CCN(C(C)CC)CC3)nc2)c1C#Cc1ccc(N)nc1,0.573289216,0.2,3
169,CCCCc1ncnc(-c2ccc(C(=O)N3CCN(C)CC3)c(F)c2F)c1C#Cc1ccc(N)nc1,0.550854862,,
170,CC(C)Cc1ncnc(-c2ccc(C(=O)N3CCC(C(C)C)CC3)c(F)c2)c1C#Cc1ccc(N)nc1,0.477475137,,
171,CCCc1ncnc(-c2ccc(C(=O)N3CCC(C(C)CC)CC3)cc2)c1C#Cc1ccc(N)nc1,0.478472114,,
172,CCCc1ncnc(-c2ccc(C(=O)N3CCC(CCN(C)C)CC3)c(F)c2)c1C#Cc1ccc(N)nc1,0.469966054,,
173,CCCc1ncnc(-c2ccc(C(=O)N3CCC(C(N)CC)CC3)cc2)c1C#Cc1ccc(N)nc1,0.512673676,,
174,CCc1ncnc(-c2ccc(C(=O)N3CCC(C(C)C(C)C)CC3)c(F)c2)c1C#Cc1ccc(N)nc1,0.477475137,,
175,CCCc1ncnc(-c2ccc(C(=O)N3CCC(CN)CC3)c(F)c2)c1C#Cc1ccc(N)nc1,0.550667942,0.2,3
176,CCc1ncnc(-c2ccc(C(=O)N3CCC(C(C)CC)CC3)c(F)c2F)c1C#Cc1ccc(N)nc1,0.480346859,,
177,CCc1ncnc(-c2ccc(C(=O)N3CCC(C(C)C)C3)c(F)c2)c1C#Cc1ccc(N)nc1,0.589341104,0.2,3
178,CCc1ncnc(-c2ccc(C(=O)N3CCC(C(N)CC)C3)c(F)c2)c1C#Cc1ccc(N)nc1,0.550679505,0.2,5
179,CCc1ncnc(-c2ccc(C(=O)N3CCN(C(C)C(=O)N(C)C)CC3)c(F)c2)c1C#Cc1ccc(N)nc1,0.506021678,,
179,CCc1ncnc(-c2ccc(C(=O)N3CCC(CC(N)CC)CC3)c(F)c2)c1C#Cc1ccc(N)nc1,0.490908414,0.2,5
180,CCc1ncnc(-c2cnc(C(=O)N3CCC(C(C)C)CC3)c(F)c2)c1C#Cc1ccc(N)nc1,0.573731184,0.5,3
180,CCc1ncnc(-c2ccc(C(=O)N3CCN(C(C)CN(C)C)CC3)c(F)c2)c1C#Cc1ccc(N)nc1,0.5049631,0.7,2
181,CCc1ncnc(-c2ccc(C(=O)N3CCCN(C(C)CC)CC3)cn2)c1C#Cc1ccc(N)nc1,0.554990232,,
182,CCCCC(=O)N1CCN(C(=O)c2ccc(-c3ncnc(CC)c3C#Cc3ccc(N)nc3)c(F)c2)CC1,0.503202796,,
183,CCCCc1ncnc(-c2ccc(C(=O)N3CCCN(C(C)C)CC3)c(F)c2)c1C#Cc1ccc(N)nc1,0.485490978,,
184,CCCc1ncnc(-c2ccc(C(=O)N3CCC(CN)CC3)cc2)c1C#Cc1ccc(N)nc1,0.572518468,,
185,CCCc1ncnc(-c2ccc(C(=O)N3CCCC(C)C3)c(C)c2)c1C#Cc1ccc(N)nc1,0.581233025,,
186,CCCc1ncnc(-c2cc(F)c(C(=O)N3CCN(C(C)CC)CC3)c(F)c2)c1C#Cc1ccc(N)nc1,0.489631027,,
186,CCCc1ncnc(-c2ccc(C(=O)N3CCCC(N(C)C)C3)c(F)c2)c1C#Cc1ccc(N)nc1,0.552513182,0.5,10
187,CCc1ncnc(-c2ccc(C(=O)N3CCC(C(C)CC)CC3)cc2F)c1C#Cc1ccc(N)nc1,0.507195532,,
188,CCc1ncnc(-c2ccc(C(=O)N3CCC(C(N)CC)CC3)c(F)c2F)c1C#Cc1ccc(N)nc1,0.509258866,,
189,CCc1ncnc(-c2cc(F)c(C(=O)N3CC(C)CC(C)C3)c(F)c2)c1C#Cc1ccc(N)nc1,0.564900994,,
190,CCc1ncnc(-c2ccc(C(=O)N3CCCC(N(C)CC)CC3)c(F)c2)c1C#Cc1ccc(N)nc1,0.529338181,0.6,4
190,CCc1ncnc(-c2cc(F)c(C(=O)N3CCC(CCN)CC3)c(F)c2)c1C#Cc1ccc(N)nc1,0.529318392,,
191,CCc1ncnc(-c2cc(F)c(C(=O)N3CCC(N(C)C)CC3)c(F)c2)c1C#Cc1ccc(N)nc1,0.563302994,,
192,CCc1ncnc(-c2ccc(C(=O)N3CCCN(C(C)C)CC3)cc2F)c1C#Cc1ccc(N)nc1,0.564984024,,
192,CCc1ncnc(-c2ccc(C(=O)N3CCCCC(C)C3)c(F)c2)c1C#Cc1ccc(N)nc1,0.586227834,0.7,2
193,CCc1ncnc(-c2ccc(C(=O)N3CCCN(C(=O)C(C)C)CC3)c(F)c2)c1C#Cc1ccc(N)nc1,0.53412205,,
194,CCCC1CCN(C(=O)c2ccc(-c3ncnc(CC)c3C#Cc3ccc(N)nc3)cc2F)CC1,0.536596954,0.2,3
195,CCCC1CCN(C(=O)c2ccc(-c3ncnc(CC)c3C#Cc3ccc(N)nc3)cc2)CC1,0.564421952,,
196,CCc1ncnc(-c2ccc(C(=O)N3CCC(CCN(C)C)CC3)c(F)c2)c1C#Cc1ccc(N)nc1,0.514499307,0.2,3
197,CCc1ncnc(-c2ccc(C(=O)N3CCC(N(C)C(C)C)CC3)c(F)c2)c1C#Cc1ccc(N)nc1,0.529377699,0.2,4
198,CCCc1ncnc(-c2ccc(C(=O)N3CCN(C(C)C)CC3)cc2F)c1C#Cc1ccc(N)nc1,0.552513182,,
199,CC(C)c1ncnc(-c2ccc(C(=O)N3CCC(N(C)C)CC3)cc2)c1C#Cc1ccc(N)nc1,0.586051524,,
200,CCc1ncnc(-c2ccc(C(=O)N3CCC(C(C)C)CC3)c(F)c2F)c1C#Cc1ccc(N)nc1,0.528816104,,
201,CCc1ncnc(-c2ccc(C(=O)N3CCC(C(C)C)CC3C)cc2)c1C#Cc1ccc(N)nc1,0.547176063,,
202,CCc1ncnc(-c2ccc(C(=O)N3CCC(C(N)CC(C)C)CC3)c(F)c2)c1C#Cc1ccc(N)nc1,0.47044614,,
203,CCc1ncnc(-c2ccc(C(=O)N3CCC(C(N)CC)CC3)cc2C)c1C#Cc1ccc(N)nc1,0.53229779,,
204,CCCc1ncnc(-c2ccc(C(=O)N3CCC(C(C)C)CC3)cc2)c1C#Cc1ccc(N)nc1,0.535004914,,
205,CCCc1ncnc(-c2ccc(C(=O)N3CCC(N(C)C)C3)c(F)c2)c1C#Cc1ccc(N)nc1,0.573002815,0.6,4
206,CCCc1ncnc(-c2ccc(C(=O)N3CCCC(C)CC3)c(F)c2)c1C#Cc1ccc(N)nc1,0.548708498,0.6,5
207,CCCc1ncnc(-c2ccc(C(=O)N3CCCN(C(C)CC)CC3)cc2)c1C#Cc1ccc(N)nc1,0.508488774,,
208,CCCc1ncnc(-c2cnc(C(=O)N3CCN(C(C)C)CC3)c(F)c2)c1C#Cc1ccc(N)nc1,0.551805317,,
209,CCc1ncnc(-c2cc(F)c(C(=O)N3CCC(C(C)CC)CC3)c(F)c2)c1C#Cc1ccc(N)nc1,0.480346859,,
210,CCc1ncnc(-c2ccc(C(=O)N3CCC(C(C)C)CC3)nc2)c1C#Cc1ccc(N)nc1,0.598878503,,
211,CCc1ncnc(-c2ccc(C(=O)N3CCN(C(C)C(C)C)CC3)cc2)c1C#Cc1ccc(N)nc1,0.555402994,0.2,3
212,CCCc1ncnc(-c2ccc(C(=O)N3CCC(N(C)C)CC3)cn2)c1C#Cc1ccc(N)nc1,0.573289216,,
213,CCc1ncnc(-c2ccc(C(=O)N3CCC(C(=O)N(C)C)CC3)cc2)c1C#Cc1ccc(N)nc1,0.573347807,,
214,CCc1ncnc(-c2ccc(C(=O)N3CCC(N(C)C(C)CC)CC3)cc2F)c1C#Cc1ccc(N)nc1,0.485549212,,
215,CCc1ncnc(-c2ccc(C(=O)N3CCCC3C(=O)N(C)C)c(F)c2)c1C#Cc1ccc(N)nc1,0.568813205,0.6,5
216,CCCc1ncnc(-c2ccc(C(=O)N3CCC(CC)CC3)cc2)c1C#Cc1ccc(N)nc1,0.564421952,,
217,CCc1ncnc(-c2ccc(C(=O)N3CCN(C(C)C)CC3)cc2C)c1C#Cc1ccc(N)nc1,0.58932668,,
218,CCc1ncnc(-c2cc(F)c(C(=O)N3CCCN(C(C)CC)CC3)c(F)c2)c1C#Cc1ccc(N)nc1,0.506800771,,
218,CCc1ncnc(-c2ccc(C(=O)N3CCC(N(C)CC(C)C)CC3)c(F)c2)c1C#Cc1ccc(N)nc1,0.490370721,,
219,CCCN(CC)C1CCN(C(=O)c2ccc(-c3ncnc(CC)c3C#Cc3ccc(N)nc3)cc2F)CC1,0.465336949,,
220,CCc1ncnc(-c2ccc(C(=O)N3CCCC(C(C)C)CC3)c(F)c2)c1C#Cc1ccc(N)nc1,0.518643439,0.2,4
221,CCc1ncnc(-c2ccc(C(=O)N3CCN(C(C)(C)CC)CC3)c(F)c2)c1C#Cc1ccc(N)nc1,0.529338181,0.4,11
221,CCc1ncnc(-c2ccc(C(=O)N3CCC(CC(N)CC)CC3)cc2)c1C#Cc1ccc(N)nc1,0.512673676,,
222,CCc1ncnc(-c2cnc(C(=O)N3CCC(C(C)CC)CC3)c(F)c2)c1C#Cc1ccc(N)nc1,0.532886982,0.2,2
223,CCc1ncnc(-c2cnc(C(=O)N3CCN(C(C)CN)CC3)c(F)c2)c1C#Cc1ccc(N)nc1,0.520004332,,
224,CCCCc1ncnc(-c2ccc(C(=O)N3CCN(C(C)C)CC3)c(F)c2F)c1C#Cc1ccc(N)nc1,0.489631027,,
225,CCCc1ncnc(-c2ccc(C(=O)N3CCC(CC(C)C)CC3)cc2)c1C#Cc1ccc(N)nc1,0.478472114,,
226,CCCC(=O)N1CCN(C(=O)c2ccc(-c3ncnc(CC)c3C#Cc3ccc(N)nc3)c(F)c2)CC1,0.539189696,,
226,CCc1ncnc(-c2cc(F)c(C(=O)N3CCC(N(C)C(C)C)CC3)c(F)c2)c1C#Cc1ccc(N)nc1,0.50684613,,
227,CCCc1ncnc(-c2ccc(C(=O)N3CCC(N(C)CC)CC3)c(F)c2)c1C#Cc1ccc(N)nc1,0.511404932,0.5,9
228,CCCC(N)CC1CCN(C(=O)c2ccc(-c3ncnc(CC)c3C#Cc3ccc(N)nc3)cc2)CC1,0.46757108,,
229,CCCCC1CCN(C(=O)c2ccc(-c3ncnc(CC)c3C#Cc3ccc(N)nc3)cc2F)CC1,0.481303006,,
230,CCc1ncnc(-c2ccc(C(=O)N3CCC(N(C)C(C)CC)CC3)c(F)c2)c1C#Cc1ccc(N)nc1,0.485549212,,
231,CCc1ncnc(-c2ccc(C(=O)N3CCCC(N(C)C)C3)cn2)c1C#Cc1ccc(N)nc1,0.603663325,,
231,CCCCc1ncnc(-c2ccc(C(=O)N3CCC(C(C)C)CC3)c(F)c2)c1C#Cc1ccc(N)nc1,0.452179164,,
232,CCCCc1ncnc(-c2ccc(C(=O)N3CCCC(N)C3)c(F)c2)c1C#Cc1ccc(N)nc1,0.54946655,0.6,4
233,CCc1ncnc(-c2ccc(C(=O)N3CCCN(C(C)CC)CC3)cc2)c1C#Cc1ccc(N)nc1,0.552651703,0.2,2
233,CCc1ncnc(-c2ccc(C(=O)N3CCC(N(C)CC(C)C)CC3)cn2)c1C#Cc1ccc(N)nc1,0.518656492,,
234,CCc1ncnc(-c2ccc(C(=O)N3CCC(N(C)CC)C3)cc2F)c1C#Cc1ccc(N)nc1,0.573002815,,
235,CCCc1ncnc(-c2ccc(C(=O)N3CCCC(N(C)CC)CC3)c(F)c2)c1C#Cc1ccc(N)nc1,0.485490978,,
236,CCCc1ncnc(-c2ccc(C(=O)N3CCCC(N(CC)CC)C3)c(F)c2)c1C#Cc1ccc(N)nc1,0.465336949,,
237,CCCCN(C)C1CCCN(C(=O)c2ccc(-c3ncnc(CC)c3C#Cc3ccc(N)nc3)cc2F)C1,0.465336949,,
238,CCCCc1ncnc(-c2ccc(C(=O)N3CCN(C(C)CC)CC3)cc2)c1C#Cc1ccc(N)nc1,0.487380028,,
239,CCCc1ncnc(-c2ccc(C(=O)N3CCCC(C(C)C)C3)c(F)c2)c1C#Cc1ccc(N)nc1,0.507195532,,
240,CCCc1ncnc(-c2cnc(C(=O)N3CCC(CCC)CC3)c(F)c2)c1C#Cc1ccc(N)nc1,0.509124517,,
241,CCc1ncnc(-c2cc(F)c(C(=O)N3CCC(N(C)CC)CC3)c(F)c2)c1C#Cc1ccc(N)nc1,0.530265272,,
242,CCc1ncnc(-c2ccc(C(=O)N3CCC(CC(C)(C)C)CC3)c(F)c2)c1C#Cc1ccc(N)nc1,0.478599638,,
243,CCc1ncnc(-c2ccc(C(=O)N3CCC(CC(C)CC)CC3)cc2)c1C#Cc1ccc(N)nc1,0.478472114,,
244,CCc1ncnc(-c2ccc(C(=O)N3CCC(CCN(C)C)CC3)cc2)c1C#Cc1ccc(N)nc1,0.536560237,,
245,CCc1ncnc(-c2ccc(C(=O)N3CCC(CCN)CC3)c(F)c2)c1C#Cc1ccc(N)nc1,0.550667942,0.2,2
246,CCc1ncnc(-c2ccc(C(=O)N3CCC(CCN)CC3)cc2)c1C#Cc1ccc(N)nc1,0.572518468,,
247,CCCN(C)C1CCN(C(=O)c2ccc(-c3ncnc(CC)c3C#Cc3ccc(N)nc3)cc2F)CC1,0.511404932,0.3,3
248,CCc1ncnc(-c2ccc(C(=O)N3CCCC(N(C)C)C3)cc2)c1C#Cc1ccc(N)nc1,0.609108686,,
249,CCc1ncnc(-c2ccc(C(=O)N3CCCC(N(C)C)CC3)cc2)c1C#Cc1ccc(N)nc1,0.588423431,,
250,CCc1ncnc(-c2cnc(C(=O)N3CCN(C(C)C)C(C)C3)c(F)c2)c1C#Cc1ccc(N)nc1,0.564266324,0.6,6
251,CCCc1ncnc(-c2ccc(C(=O)N3CCN(CC)CC3)c(F)c2)c1C#Cc1ccc(N)nc1,0.57299161,0.6,4
252,CCCc1ncnc(-c2ccc(C(=O)N3CCC(C(C)C)C3)c(F)c2)c1C#Cc1ccc(N)nc1,0.543984294,0.2,4
253,CCc1ncnc(-c2ccc(C(=O)N3CCN(C(=O)CC(C)C)CC3)cc2)c1C#Cc1ccc(N)nc1,0.542935789,,
253,CCc1ncnc(-c2ccc(C(=O)N3CCN(C(C)C(C)C)CC3)c(F)c2F)c1C#Cc1ccc(N)nc1,0.51054877,,
254,CCCc1ncnc(-c2ccc(C(=O)N3CCC(N(CC)CC)CC3)c(F)c2)c1C#Cc1ccc(N)nc1,0.465336949,,
255,CCc1ncnc(-c2ccc(C(=O)N3CCN(CC)CC3)c(F)c2F)c1C#Cc1ccc(N)nc1,0.582422435,,
256,CCc1ncnc(-c2ccc(C(=O)N3CCC(N(C)C(C)C)CC3)cn2)c1C#Cc1ccc(N)nc1,0.555001974,,
257,CCc1ncnc(-c2ccc(C(=O)N3CCC(N(C)CC)CC3)cn2)c1C#Cc1ccc(N)nc1,0.573289216,,
258,CCc1ncnc(-c2ccc(C(=O)N3CCN(C(=O)C(C)C)CC3C)cc2C)c1C#Cc1ccc(N)nc1,0.536578774,,
259,CCc1ncnc(-c2ccc(C(=O)N3CCCC(N(C)C)C3)c(F)c2F)c1C#Cc1ccc(N)nc1,0.563302994,,
260,CCCC(=O)N1CCN(C(=O)c2ccc(-c3ncnc(CC)c3C#Cc3ccc(N)nc3)c(C)c2)CC1,0.542468727,,
261,CC(C)Cc1ncnc(-c2ccc(C(=O)N3CCC(N(C)C)CC3)c(F)c2)c1C#Cc1ccc(N)nc1,0.532573581,0.6,4
262,CCc1ncnc(-c2ccc(C(=O)N3CCN(C(C)CN)CC3)c(F)c2)c1C#Cc1ccc(N)nc1,0.531063974,0.2,2
263,CCCc1ncnc(-c2ccc(C(=O)N3CCC(CCC)CC3)c(F)c2)c1C#Cc1ccc(N)nc1,0.481303006,,
264,CCCc1ncnc(-c2ccc(C(=O)N3CCC(CCC)CC3)cc2)c1C#Cc1ccc(N)nc1,0.508411467,,
265,CCCc1ncnc(-c2ccc(C(=O)N3CCC(N(C)CC)CC3)cn2)c1C#Cc1ccc(N)nc1,0.536187947,,
266,CCCc1ncnc(-c2ccc(C(=O)N3CCCC(N(C)C)C3)cc2)c1C#Cc1ccc(N)nc1,0.575435281,,
267,CCCCc1ncnc(-c2ccc(C(=O)N3CCCCC3C)cc2)c1C#Cc1ccc(N)nc1,0.556814432,,
268,CCc1ncnc(-c2ccc(C(=O)N3CCC(CC(C)CC)CC3)c(F)c2)c1C#Cc1ccc(N)nc1,0.452179164,,
269,CCc1ncnc(-c2ccc(C(=O)N3CCCC(CN)CC3)c(F)c2)c1C#Cc1ccc(N)nc1,0.56309706,0.2,2
270,CCc1ncnc(-c2ccc(C(=O)N3CCC(N(C)C)CC3)cc2C)c1C#Cc1ccc(N)nc1,0.58932668,,
271,CCc1ncnc(-c2ccc(C(=O)N3CCC(N(CC)CC)CC3)cc2F)c1C#Cc1ccc(N)nc1,0.511404932,,
272,CCc1ncnc(-c2ccc(C(=O)N3CCC(N(CC)CC)CC3)cn2)c1C#Cc1ccc(N)nc1,0.536187947,,
273,CCc1ncnc(-c2ccc(C(=O)N3CCCC(C)C3C)c(F)c2)c1C#Cc1ccc(N)nc1,0.586292684,,
274,CCc1ncnc(-c2ccc(C(=O)N3CCCC(N(C)CC)C3)cc2F)c1C#Cc1ccc(N)nc1,0.552513182,,
275,CCc1ncnc(-c2ccc(C(=O)N3CCCC3C(=O)N(C)CC)cc2)c1C#Cc1ccc(N)nc1,0.560278416,,
276,CCc1ncnc(-c2ccc(C(=O)N3CCN(C(C)CC)CC3C)c(F)c2)c1C#Cc1ccc(N)nc1,0.529377699,0.6,3
277,CCCCc1ncnc(-c2ccc(C(=O)N3CCC(C)CC3)c(F)c2)c1C#Cc1ccc(N)nc1,0.536596954,0.7,4
278,CCCCc1ncnc(-c2ccc(C(=O)N3CCC(C)CC3)cc2)c1C#Cc1ccc(N)nc1,0.564421952,,
279,CCCc1ncnc(-c2ccc(C(=O)N3CCC(N(C)C(C)C)CC3)c(F)c2)c1C#Cc1ccc(N)nc1,0.485549212,,
280,CCc1ncnc(-c2ccc(C(=O)N3CCCC(N(C)C(C)C)CC3)c(F)c2)c1C#Cc1ccc(N)nc1,0.502575815,,
281,CCC(C)c1ncnc(-c2ccc(C(=O)N3CCN(C(C)CC)CC3)cc2F)c1C#Cc1ccc(N)nc1,0.47873801,,
282,CCCCc1ncnc(-c2ccc(C(=O)N3CCN(C(C)C)CC3)cc2F)c1C#Cc1ccc(N)nc1,0.511404932,,
283,CCCc1ncnc(-c2ccc(C(=O)N3CCC(N(C)C)CC3)c(F)c2F)c1C#Cc1ccc(N)nc1,0.530265272,,
284,CCCc1ncnc(-c2ccc(C(=O)N3CCCCCC3)c(F)c2)c1C#Cc1ccc(N)nc1,0.577685595,,
285,CCc1ncnc(-c2ccc(C(=O)N3CCC(N(C)CC)CC3)cc2C)c1C#Cc1ccc(N)nc1,0.5542835,,
286,CCC(=O)N1CCCN(C(=O)c2ccc(-c3ncnc(CC)c3C#Cc3ccc(N)nc3)cc2F)CC1,0.551359773,,
287,CCCc1ncnc(-c2ccc(C(=O)N3CCC(CC(C)C)CC3)c(F)c2)c1C#Cc1ccc(N)nc1,0.452179164,,
288,CCCc1ncnc(-c2ccc(C(=O)N3CCCC(C)CC3C)c(F)c2)c1C#Cc1ccc(N)nc1,0.509530365,,
288,CCCC(=O)N1CCN(C(=O)c2ccc(-c3ncnc(CC)c3C#Cc3ccc(N)nc3)cc2)C(C)C1,0.541774452,,
289,CCCc1ncnc(-c2ccc(C(=O)N3CCCN(C(C)C)CC3)cc2)c1C#Cc1ccc(N)nc1,0.552651703,,
290,CCc1ncnc(-c2ccc(C(=O)N3CCN(C(C)C)CC3C)cn2)c1C#Cc1ccc(N)nc1,0.586232662,,
291,CCc1ncnc(-c2cc(F)c(C(=O)N3CCCN(C(C)CC)CC3)cc2F)c1C#Cc1ccc(N)nc1,0.506800771,,
292,CCc1ncnc(-c2ccc(C(=O)N3CCC(N(C)C(C)CC)CC3)cc2)c1C#Cc1ccc(N)nc1,0.508540988,,
293,CCCCN(C)C1CCN(C(=O)c2ccc(-c3ncnc(CC)c3C#Cc3ccc(N)nc3)cc2)CC1,0.487380028,,
294,CCc1ncnc(-c2ccc(C(=O)N3CCCN(CC)CC3)c(F)c2)c1C#Cc1ccc(N)nc1,0.585924625,0.6,2
295,CCc1ncnc(-c2cnc(C(=O)N3CCC(CC(C)C)CC3)c(F)c2)c1C#Cc1ccc(N)nc1,0.532886982,0.2,3
296,CC(C)c1ncnc(-c2ccc(C(=O)N3CCCC(N(C)C)C3)c(F)c2)c1C#Cc1ccc(N)nc1,0.562114537,0.6,4
297,CCCCc1ncnc(-c2ccc(C(=O)N3CCC(C(C)C)CC3)cc2)c1C#Cc1ccc(N)nc1,0.478472114,,
298,CCCCc1ncnc(-c2ccc(C(=O)N3CCC(N)CC3)c(F)c2)c1C#Cc1ccc(N)nc1,0.54946655,0.6,4
299,CCCCc1ncnc(-c2ccc(C(=O)N3CCCC(N)CC3)cc2)c1C#Cc1ccc(N)nc1,0.550922453,,
300,CCCc1ncnc(-c2ccc(C(=O)N3CCN(CC(C)C)CC3)c(F)c2)c1C#Cc1ccc(N)nc1,0.514499307,0.6,5
301,CCCc1ncnc(-c2ccc(C(=O)N3CCCC(N(C)C)C3)nc2)c1C#Cc1ccc(N)nc1,0.573289216,,
302,CCCc1ncnc(-c2ccc(C(=O)N3CCCC(N(C)C)CC3)c(F)c2)c1C#Cc1ccc(N)nc1,0.529338181,0.2,4
303,CCCc1ncnc(-c2cnc(C(=O)N3CCC(CN(C)C)CC3)c(F)c2F)c1C#Cc1ccc(N)nc1,0.497170955,,
304,CCc1cc(C(=O)N2CCN(C)CC2)ccc1-c1ncnc(CC)c1C#Cc1ccc(N)nc1,0.609923005,,
305,CCC(CC)c1ncnc(-c2ccc(C(=O)N3CCCCC3C)nc2)c1C#Cc1ccc(N)nc1,0.538543046,,
306,CCc1ncnc(-c2ccc(C(=O)N3CCC(N(C)C(C)C)CC3)cc2F)c1C#Cc1ccc(N)nc1,0.529377699,,
306,CCCc1ncnc(-c2ccc(C(=O)N3CCC(CCN)CC3)c(F)c2)c1C#Cc1ccc(N)nc1,0.512739182,0.2,3
307,CCc1ncnc(-c2cc(F)c(C(=O)N3CCC(C(C)C)CC3)c(F)c2)c1C#Cc1ccc(N)nc1,0.528816104,,
307,CCc1ncnc(-c2ccc(C(=O)N3CCC(N(C)C)C3)c(F)c2F)c1C#Cc1ccc(N)nc1,0.582428098,,
308,CCc1ncnc(-c2ccc(C(=O)N3CCC(N(C)CC)CC3)c(F)c2F)c1C#Cc1ccc(N)nc1,0.530265272,,
309,CCc1ncnc(-c2ccc(C(=O)N3CCC(N(CC)CC)CC3)cc2C)c1C#Cc1ccc(N)nc1,0.511037052,,
310,CCc1ncnc(-c2ccc(C(=O)N3CCCCC3C(C)C)cc2C)c1C#Cc1ccc(N)nc1,0.543381989,,
311,CCc1ncnc(-c2ccc(C(=O)N3CCCC(C(N)CC)C3)c(F)c2)c1C#Cc1ccc(N)nc1,0.530742466,0.6,3
312,CCc1ncnc(-c2cnc(C(=O)N3CCC(N(C)C(C)CC)CC3)c(F)c2)c1C#Cc1ccc(N)nc1,0.496192217,,
313,CCCc1ncnc(-c2ccc(C(=O)N3CCN(C(C)C)CC3)c(F)c2C)c1C#Cc1ccc(N)nc1,0.531250656,,
314,CCc1ncnc(-c2ccc(C(=O)N3CCN(C(=O)CC(C)C)CC3)cc2F)c1C#Cc1ccc(N)nc1,0.522332489,,
315,CCCCc1ncnc(-c2cnc(C(=O)N3CCN(C(C)CC)CC3)c(F)c2)c1C#Cc1ccc(N)nc1,0.475567937,,
316,CCCCc1ncnc(-c2ccc(C(=O)N3CCC(CC)CC3)c(F)c2)c1C#Cc1ccc(N)nc1,0.481303006,,
317,CCCc1ncnc(-c2ccc(C(=O)N3CCC(N(C)C)C3)cn2)c1C#Cc1ccc(N)nc1,0.590338767,,
317,CCCCc1ncnc(-c2ccc(C(=O)N3CCCC(N(C)C)C3)c(F)c2)c1C#Cc1ccc(N)nc1,0.511404932,,
318,CCCc1ncnc(-c2ccc(C(=O)N3CCN(C(C)CC)CC3)c(F)c2F)c1C#Cc1ccc(N)nc1,0.489631027,,
319,CCc1ncnc(-c2ccc(C(=O)N3CCC(C(N)C(C)C)CC3)c(F)c2)c1C#Cc1ccc(N)nc1,0.511377454,0.2,5
320,CCc1ncnc(-c2ccc(C(=O)N3CCC(CC(N)CC)CC3)cc2F)c1C#Cc1ccc(N)nc1,0.490908414,,
321,CCc1ncnc(-c2ccc(C(=O)N3CCC(CCCN)CC3)c(F)c2)c1C#Cc1ccc(N)nc1,0.512739182,0.2,2
322,CCCN(C)C1CCN(C(=O)c2ccc(-c3ncnc(CC)c3C#Cc3ccc(N)nc3)cc2)CC1,0.533928573,,
323,CCc1ncnc(-c2ccc(C(=O)N3CCC(N(C)C(C)C)CC3)cc2)c1C#Cc1ccc(N)nc1,0.552685559,,
324,CCc1ncnc(-c2ccc(C(=O)N3CCC(N(C)CC(C)C)C3)c(F)c2)c1C#Cc1ccc(N)nc1,0.514530659,0.6,3
325,CCc1ncnc(-c2ccc(C(=O)N3CCC(N(C)CC(C)C)CC3)cc2F)c1C#Cc1ccc(N)nc1,0.490370721,,
326,CCc1ncnc(-c2ccc(C(=O)N3CCC(N(CC)CC)CC3)cc2)c1C#Cc1ccc(N)nc1,0.533928573,,
327,CCc1ncnc(-c2ccc(C(=O)N3CCC(N(C)CC)CC3)cc2F)c1C#Cc1ccc(N)nc1,0.552513182,,
328,CCc1ncnc(-c2cnc(C(=O)N3CCC(N(C)C)CC3)c(F)c2)c1C#Cc1ccc(N)nc1,0.581652582,0.3,4
328,CCc1ncnc(-c2ccc(C(=O)N3CCCC(N(C)C(C)C)C3)c(F)c2)c1C#Cc1ccc(N)nc1,0.529377699,0.2,3
329,CCc1ncnc(-c2ccc(C(=O)N3CCCC(N(CC)CC)C3)c(F)c2)c1C#Cc1ccc(N)nc1,0.511404932,0.2,3
330,CCc1ncnc(-c2ccc(C(=O)N3CCCC(N(CC)CC)C3)cc2F)c1C#Cc1ccc(N)nc1,0.511404932,,
331,CCc1ncnc(-c2ccc(C(=O)N3CCCC(N(C)CC)CC3)cc2)c1C#Cc1ccc(N)nc1,0.552651703,,
332,CCCCc1ncnc(-c2ccc(C(=O)N3CCN(CC)CC3)cc2)c1C#Cc1ccc(N)nc1,0.55592227,,
333,CCCc1ncnc(-c2ccc(C(=O)N3CCN(C(=O)CC)CC3)cc2F)c1C#Cc1ccc(N)nc1,0.539189696,,
334,CC(C)N1CCN(C(=O)c2ccc(-c3ncnc(CCN(C)C)c3C#Cc3ccc(N)nc3)cc2)CC1,0.523818195,,
335,CCCc1ncnc(-c2ccc(C(=O)N3CCN(C(C)C)CC3)nc2)c1C#Cc1ccc(N)nc1,0.573289216,,
336,CCc1ncnc(-c2ccc(C(=O)N3CCCC(CN(C)C)C3)c(F)c2)c1C#Cc1ccc(N)nc1,0.554319441,0.2,2
336,CCCCc1ncnc(-c2ccc(C(=O)N3CCC(C(N)CC)CC3)c(F)c2)c1C#Cc1ccc(N)nc1,0.446262568,,
337,CCCCc1ncnc(-c2ccc(C(=O)N3CCCC(N)CC3)cc2F)c1C#Cc1ccc(N)nc1,0.528397381,,
338,CCCCc1ncnc(-c2ccc(C(=O)N3CCCN(C)CC3)cc2)c1C#Cc1ccc(N)nc1,0.575416625,,
339,CCCc1ncnc(-c2ccc(C(=O)N3CCC(N(C)C(C)C)CC3)cc2)c1C#Cc1ccc(N)nc1,0.508540988,,
340,CCc1ncnc(-c2cnc(C(=O)N3CC(C)CC(C(C)C)C3)c(F)c2)c1C#Cc1ccc(N)nc1,0.550128222,,
341,CCc1ncnc(-c2cnc(C(=O)N3CCC(CCN)CC3)c(F)c2)c1C#Cc1ccc(N)nc1,0.54617399,,
342,CCCc1ncnc(-c2ccc(C(=O)N3CCC(N(C)CC)CC3)cc2)c1C#Cc1ccc(N)nc1,0.533928573,,
343,CCCc1ncnc(-c2ccc(C(=O)N3CCCC(C)CC3)cc2)c1C#Cc1ccc(N)nc1,0.577161551,,
344,CCCc1ncnc(-c2ccc(C(=O)N3CCCC(CN)CC3)c(F)c2)c1C#Cc1ccc(N)nc1,0.530719221,0.2,3
345,CCc1ncnc(-c2ccc(C(=O)N3CCC(C(N)CC)C3)cc2F)c1C#Cc1ccc(N)nc1,0.550679505,,
346,CCc1ncnc(-c2ccc(C(=O)N3CCC(CC(N)CC)C3)cc2C)c1C#Cc1ccc(N)nc1,0.514264286,,
347,CCCC1CCN(C(=O)c2ccc(-c3ncnc(CC)c3C#Cc3ccc(N(C)C)nc3)cc2F)CC1,0.42758441,,
348,CCc1ncnc(-c2ccc(C(=O)N3CCC(N(C)C)C3)cc2F)c1C#Cc1ccc(N)nc1,0.605023861,,
349,CCc1ncnc(-c2ccc(C(=O)N3CCCC(N(C)C(C)C)C3)cc2)c1C#Cc1ccc(N)nc1,0.552685559,,
350,CCc1ncnc(-c2ccc(C(=O)N3CCCC(CC)C3)c(F)c2)c1C#Cc1ccc(N)nc1,0.583954036,0.6,2
351,CCc1ncnc(-c2ccc(C(=O)N3CCCC(N(C)C)C3)cc2F)c1C#Cc1ccc(N)nc1,0.585936069,,
352,CCc1ncnc(-c2ccc(C(=O)N3CCCN(C(C)CN)CC3)cc2F)c1C#Cc1ccc(N)nc1,0.516851246,,
353,CCc1ncnc(-c2ccc(C(=O)N3CCN(C(C)CC)CC3C)cc2F)c1C#Cc1ccc(N)nc1,0.529377699,,
354,CCN(C)C1CCN(C(=O)c2ccc(-c3ncnc(C(C)C)c3C#Cc3ccc(N)nc3)cc2F)CC1,0.524619579,,
355,CCCCc1ncnc(-c2ccc(C(=O)N3CCCC(C)CC3)c(F)c2)c1C#Cc1ccc(N)nc1,0.498180687,,
356,CCCc1ncnc(-c2cnc(C(=O)N3CC(C)CC(C)C3)c(F)c2)c1C#Cc1ccc(N)nc1,0.573731184,,
357,CCc1ncnc(-c2cnc(C(=O)N3CCCC(C(C)C)CC3)c(F)c2)c1C#Cc1ccc(N)nc1,0.544914782,0.7,3
358,CCc1ncnc(-c2cnc(C(=O)N3CCCC(N(C)CC)C3)c(F)c2)c1C#Cc1ccc(N)nc1,0.551805317,,
359,CCCCc1ncnc(-c2ccc(C(=O)N3CCC(N(C)C)CC3)cc2)c1C#Cc1ccc(N)nc1,0.533928573,,
360,CCCc1ncnc(-c2ccc(C(=O)N3CCCC(N(C)C)CC3)cc2)c1C#Cc1ccc(N)nc1,0.552651703,,
361,CCCc1ncnc(-c2ccc(C(=O)N3CCCCC3C(C)C)cc2)c1C#Cc1ccc(N)nc1,0.526340663,,
362,CCCc1ncnc(-c2ccc(C(=O)N3CCC(C(C)C)CC3)cc2F)c1C#Cc1ccc(N)nc1,0.507195532,,
363,CCCc1ncnc(-c2ccc(C(=O)N3CCCC(N(CC)CC)C3)cc2)c1C#Cc1ccc(N)nc1,0.487380028,,
363,CCc1ncnc(-c2ccc(C(=O)N3CCC(C)CC(C)C3)c(F)c2)c1C#Cc1ccc(N)nc1,0.558428586,,
364,CCCc1ncnc(-c2ccc(C(=O)N3CCCN(C(C)CC)CC3)cc2F)c1C#Cc1ccc(N)nc1,0.485490978,,
365,CCCc1ncnc(-c2ccc(C(=O)N3CCN(C(=O)C(C)C)CC3)cc2F)c1C#Cc1ccc(N)nc1,0.522332489,,
366,CCc1ncnc(-c2ccc(C(=O)N3CCCC(CN(C)C)CC3)cc2)c1C#Cc1ccc(N)nc1,0.555375576,,
367,CCc1ncnc(-c2ccc(C(=O)N3CCC(CC)CC3)c(F)c2F)c1C#Cc1ccc(N)nc1,0.556701422,,
368,CCc1ncnc(-c2ccc(C(=O)N3CCC(CCN(C)C)CC3)cc2F)c1C#Cc1ccc(N)nc1,0.514499307,,
369,CCc1ncnc(-c2ccc(C(=O)N3CCCC(N(CC)CC)CC3)c(F)c2)c1C#Cc1ccc(N)nc1,0.485490978,,
370,CCc1ncnc(-c2ccc(C(=O)N3CCCC(N(CC)CC)CC3)cc2)c1C#Cc1ccc(N)nc1,0.508488774,,
371,CCCN(C)C1CCN(C(=O)c2ccc(-c3ncnc(CC)c3C#Cc3ccc(N)nc3)c(F)c2)CC1,0.511404932,,
372,CCc1ncnc(-c2ccc(C(=O)N3CCC(N(CC)CC)C3)c(F)c2)c1C#Cc1ccc(N)nc1,0.53379482,0.6,4
373,CCc1ncnc(-c2ccc(C(=O)N3CCCC(C)CC3)cc2C)c1C#Cc1ccc(N)nc1,0.583496273,,
374,CCc1ncnc(-c2ccc(C(=O)N3CCCC(CC)C3)c(F)c2F)c1C#Cc1ccc(N)nc1,0.556701422,,
375,CCc1ncnc(-c2ccc(C(=O)N3CCCC(CN(CC)CC)C3)c(F)c2)c1C#Cc1ccc(N)nc1,0.469966054,,
376,CCc1ncnc(-c2ccc(C(=O)N3CCCC3C(=O)N(C)C)cc2F)c1C#Cc1ccc(N)nc1,0.568813205,,
377,CCc1ncnc(-c2ccc(C(=O)N3CCCCC3C(C)C)cc2)c1C#Cc1ccc(N)nc1,0.577244043,,
378,CCc1ncnc(-c2ccc(C(=O)N3CCCN(C(=O)C(C)C)CC3)cc2F)c1C#Cc1ccc(N)nc1,0.53412205,,
379,CCc1ncnc(-c2cnc(C(=O)N3CCN(C(C)CC)CC3)cn2)c1C#Cc1ccc(N)nc1,0.565747023,,
380,CCCc1ncnc(-c2ccc(C(=O)N3CCN(CC)CC3)cc2)c1C#Cc1ccc(N)nc1,0.595655739,,
381,CCc1ncnc(-c2ccc(C(=O)N3CCN4CCCCC4C3)cc2)c1C#Cc1ccc(N)nc1,0.595550776,,
382,CCCc1ncnc(-c2ccc(C(=O)N3CCC(C)C(C)C3)c(F)c2)c1C#Cc1ccc(N)nc1,0.556262612,0.7,4
383,CCCc1ncnc(-c2ccc(C(=O)N3CCC(CC)CC3)c(C)c2)c1C#Cc1ccc(N)nc1,0.531291187,,
384,CCCc1ncnc(-c2ccc(C(=O)N3CCCC(C(C)C)CC3)c(F)c2)c1C#Cc1ccc(N)nc1,0.468035579,,
385,CCc1ncnc(-c2ccc(C(=O)N3CCC(C)(CC)CC3)c(F)c2)c1C#Cc1ccc(N)nc1,0.548708498,0.2,2
386,CCCCc1ncnc(-c2ccc(C(=O)N3CCCC(N(C)C)C3)cc2)c1C#Cc1ccc(N)nc1,0.533928573,,
387,CCCCc1ncnc(-c2ccc(C(=O)N3CCCC(N(C)C)CC3)c(F)c2)c1C#Cc1ccc(N)nc1,0.485490978,,
388,CCCCc1ncnc(-c2ccc(C(=O)N3CCCCCC3)c(F)c2)c1C#Cc1ccc(N)nc1,0.528428376,,
389,CCc1ncnc(-c2cnc(C(=O)N3CCC(N(C)C(C)C)CC3)c(F)c2)c1C#Cc1ccc(N)nc1,0.533618808,,
389,CCCc1ncnc(-c2ccc(C(=O)N3CCC(C(N)CC)CC3)cc2F)c1C#Cc1ccc(N)nc1,0.490908414,,
390,CCCc1ncnc(-c2ccc(C(=O)N3CCC(N(C)C)CC3)cc2F)c1C#Cc1ccc(N)nc1,0.552513182,,
391,CCCc1ncnc(-c2ccc(C(=O)N3CCCC3C(=O)N(C)C)c(F)c2)c1C#Cc1ccc(N)nc1,0.539198339,,
392,CCCc1ncnc(-c2ccc(C(=O)N3CCCC(N(C)CC)C3)c(F)c2)c1C#Cc1ccc(N)nc1,0.511404932,,
392,CCc1ncnc(-c2ccc(C(=O)N3CCC(C(C)C)C3)c(C)c2)c1C#Cc1ccc(N)nc1,0.587710619,,
393,CCCc1ncnc(-c2ccc(C(=O)N3CCN(C(C)C(C)C)CC3)cc2)c1C#Cc1ccc(N)nc1,0.512826383,,
394,CCCC1CCN(C(=O)c2ccc(-c3ncnc(CC)c3C#Cc3ccc(N)nc3)c(C)c2)CC1,0.531291187,,
395,CCCC1CCN(C(=O)c2ccc(-c3ncnc(CC)c3C#Cc3ccc(N)nc3)nc2)CC1,0.58229059,,
395,CCc1ncnc(-c2ccc(C(=O)N3CCC(N(C)C(C)C)CC3)c(F)c2F)c1C#Cc1ccc(N)nc1,0.50684613,,
396,CCc1ncnc(-c2ccc(C(=O)N3CCC(N(C)C(C)C)CC3)cc2C)c1C#Cc1ccc(N)nc1,0.52900666,,
397,CCc1ncnc(-c2ccc(C(=O)N3CCCC(C(C)C)C3)cc2F)c1C#Cc1ccc(N)nc1,0.556262612,,
398,CCc1ncnc(-c2ccc(C(=O)N3CCCC(C)CC3)c(F)c2F)c1C#Cc1ccc(N)nc1,0.558869064,,
399,CCc1ncnc(-c2ccc(C(=O)N3CCCC(N(C)C(C)C)CC3)cc2F)c1C#Cc1ccc(N)nc1,0.502575815,,
400,CCc1ncnc(-c2ccc(C(=O)N3CCCC(N(C)C)C3)cc2C)c1C#Cc1ccc(N)nc1,0.58932668,,
401,CCc1ncnc(-c2ccc(C(=O)N3CCCC(N(C)CC)C3)cn2)c1C#Cc1ccc(N)nc1,0.573289216,,
402,CCc1ncnc(-c2ccc(C(=O)N3CCCCC3C(C)C)c(F)c2)c1C#Cc1ccc(N)nc1,0.548796892,0.7,2
403,CCc1ncnc(-c2ccc(C(=O)N3CCCCCC3C)c(F)c2)c1C#Cc1ccc(N)nc1,0.580009818,,
404,CCC(=O)N1CCCN(C(=O)c2ccc(-c3ncnc(CC)c3C#Cc3ccc(N)nc3)c(F)c2)CC1,0.551359773,,
405,CCc1ncnc(-c2ccc(C(=O)N3CCCN(C(C)C(C)C)CC3)cc2F)c1C#Cc1ccc(N)nc1,0.507566392,,
406,CCc1ncnc(-c2ccc(C(=O)N3CCCN(C(C)C)CC3)cc2C)c1C#Cc1ccc(N)nc1,0.566794276,,
407,CCCC(=O)N1CCN(C(=O)c2ccc(-c3ncnc(CCC)c3C#Cc3ccc(N)nc3)c(F)c2)CC1,0.503202796,,
408,CCCc1ncnc(-c2cnc(C(=O)N3CCC(C(C)C)CC3)c(F)c2)c1C#Cc1ccc(N)nc1,0.532886982,,
409,CCCc1ncnc(-c2cnc(C(=O)N3CCC(C(N)CC)CC3)c(F)c2)c1C#Cc1ccc(N)nc1,0.494705707,,
410,CCc1ncnc(-c2ccc(C(=O)N3CCC(N(CC)C(C)C)CC3)c(F)c2)c1C#Cc1ccc(N)nc1,0.485549212,,
411,CCc1ncnc(-c2cnc(C(=O)N3CCC(C(C)C)CC3)c(F)c2)c1C#Cc1ccc(N(C)C)nc1,0.476558357,,
412,CCc1ncnc(-c2cnc(C(=O)N3CCC(C(C)C)CC3)c(F)c2C)c1C#Cc1ccc(N)nc1,0.547970176,,
413,CCCC1CCN(C(=O)c2ncc(-c3ncnc(CC)c3C#Cc3ccc(N)nc3)cc2F)CC1,0.557151437,0.2,6
414,CCc1ncnc(-c2cnc(C(=O)N3CCCC(N(C)C)CC3)c(F)c2)c1C#Cc1ccc(N)nc1,0.564260185,,
415,CCc1ncnc(-c2cnc(C(=O)N3CCN(C(C)C(C)CC)CC3)c(F)c2)c1C#Cc1ccc(N)nc1,0.49835977,,
416,CCCCc1ncnc(-c2ccc(C(=O)N3CCCC(C(C)C)C3)c(F)c2)c1C#Cc1ccc(N)nc1,0.452179164,,
416,CCCCc1ncnc(-c2ccc(C(=O)N3CCC(C(N)CC)CC3)cc2F)c1C#Cc1ccc(N)nc1,0.446262568,,
417,CCCc1ncnc(-c2ccc(C(=O)N3CCCC3C(C)C)cc2)c1C#Cc1ccc(N)nc1,0.564502656,,
418,CCc1ncnc(-c2ccc(C(=O)N3CCC(CC(C)C)CC3)cc2F)c1C#Cc1ccc(N)nc1,0.507195532,,
419,CCc1ncnc(-c2ccc(C(=O)N3CCC(CCC(C)C)CC3)cc2F)c1C#Cc1ccc(N)nc1,0.452179164,,
420,CCc1ncnc(-c2ccc(C(=O)N3CCC(CCN)CC3)cc2C)c1C#Cc1ccc(N)nc1,0.553752363,,
421,CCc1ncnc(-c2ccc(C(=O)N3CCC(C(C)N(C)C)CC3)c(F)c2)c1C#Cc1ccc(N)nc1,0.532573581,0.6,3
422,CCc1ncnc(-c2ccc(C(=O)N3CCCC(C(C)C)C3)cc2)c1C#Cc1ccc(N)nc1,0.584149718,,
423,CCCCc1ncnc(-c2ccc(C(=O)N3CCN(C(=O)CC)CC3)cc2F)c1C#Cc1ccc(N)nc1,0.503202796,,
424,CCCc1ncnc(-c2ccc(C(=O)N3CCCC(CC)C3)c(F)c2)c1C#Cc1ccc(N)nc1,0.536596954,0.6,4
425,CCc1ncnc(-c2ccc(C(=O)N3CCCC(CN)C3)c(F)c2)c1C#Cc1ccc(N)nc1,0.581623971,0.7,2
426,CCc1ncnc(-c2cnc(C(=O)N3CCC(CC)CC3)c(F)c2)c1C#Cc1ccc(N)nc1,0.596103191,0.2,8
427,CCCCc1ncnc(-c2ccc(C(=O)N3CCCCC3C(C)C)cc2)c1C#Cc1ccc(N)nc1,0.469103456,,
428,CCCc1ncnc(-c2ccc(C(=O)N3CCC(C(C)C)CC3)cc2C)c1C#Cc1ccc(N)nc1,0.5006603,,
429,CCCc1ncnc(-c2ccc(C(=O)N3CCCC(N(C)C(C)C)C3)c(F)c2)c1C#Cc1ccc(N)nc1,0.485549212,,
430,CCc1ncnc(-c2ccc(C(=O)N3CCC(C(C)C)CC3)cc2C)c1C#Cc1ccc(N)nc1,0.551837802,,
431,CCc1ncnc(-c2ccc(C(=O)N3CCC(CC)CC3)cc2F)c1C#Cc1ccc(N)nc1,0.583954036,,
432,CCCCN(C)C1CCN(C(=O)c2ccc(-c3ncnc(CC)c3C#Cc3ccc(N)nc3)c(F)c2)CC1,0.465336949,,
433,CCc1ncnc(-c2ccc(C(=O)N3CCCC(C(=O)N(C)C)C3)c(F)c2)c1C#Cc1ccc(N)nc1,0.552016139,0.6,3
434,CCc1ncnc(-c2ccc(C(=O)N3CCCC(C(C)C)C3)c(F)c2C)c1C#Cc1ccc(N)nc1,0.52360636,,
435,CCc1ncnc(-c2ccc(C(=O)N3CCCC(N(C)CC)C3)c(F)c2)c1C#Cc1ccc(N)nc1,0.552513182,0.6,3
436,CCCCc1ncnc(-c2ccc(C(=O)N3CCN(CCC)CC3)cc2)c1C#Cc1ccc(N)nc1,0.51173234,,
437,CCCc1ncnc(-c2ccc(C(=O)N3CCN(C(C)C)CC3)cc2C)c1C#Cc1ccc(N)nc1,0.5542835,,
438,CCCc1ncnc(-c2ccc(C(=O)N3CCN(CCC(C)C)CC3)c(F)c2)c1C#Cc1ccc(N)nc1,0.469966054,,
439,CCCCc1ncnc(-c2ccc(C(=O)N3CCC(CCC)CC3)c(F)c2)c1C#Cc1ccc(N)nc1,0.424479723,,
440,CCc1ncnc(-c2cc(F)c(C(=O)N3CCC(CC(C)C)CC3)c(F)c2)c1C#Cc1ccc(N)nc1,0.480346859,,
441,CCCc1ncnc(-c2ccc(C(=O)N3CCCC(C)CC3)cc2C)c1C#Cc1ccc(N)nc1,0.543282986,,
442,CCCc1ncnc(-c2ccc(C(=O)N3CCCC(N(C)C(C)C)C3)cc2F)c1C#Cc1ccc(N)nc1,0.485549212,,
443,CCC(CC)c1ncnc(-c2ccc(C(=O)N3CCCC(C)C3)c(C)c2)c1C#Cc1ccc(N)nc1,0.479258418,,
444,CCCCc1ncnc(-c2ccc(C(=O)N3CCC(N(C)C)C3)c(F)c2)c1C#Cc1ccc(N)nc1,0.53379482,0.6,5
445,CCc1ncnc(-c2ccc(C(=O)N3CCCC(C(C)C)C3C)c(F)c2)c1C#Cc1ccc(N)nc1,0.518742621,0.2,11
445,CCCCc1ncnc(-c2ccc(C(=O)N3CCCN(C)CC3)c(F)c2)c1C#Cc1ccc(N)nc1,0.552490294,0.7,4
446,CCc1ncnc(-c2ccc(C(=O)N3CCC(C(N)CC)C3)cc2C)c1C#Cc1ccc(N)nc1,0.553768754,,
447,CCCc1ncnc(-c2ccc(C(=O)N3CCC(N)(C(C)C)CC3)c(F)c2)c1C#Cc1ccc(N)nc1,0.508122921,,
448,CCc1ncnc(-c2cnc(C(=O)N3CCC(CCN(C)C)CC3)c(F)c2)c1C#Cc1ccc(N)nc1,0.516648412,,
449,CCCN(C)C1CCCN(C(=O)c2ncc(-c3ncnc(CC)c3C#Cc3ccc(N)nc3)cc2F)C1,0.515526056,,
450,CCc1ncnc(-c2cnc(C(=O)N3CCN(CC(C)CC)CC3)c(C)c2)c1C#Cc1ccc(N)nc1,0.519484878,,
451,CCc1cc(-c2ncnc(CC)c2C#Cc2ccc(N)nc2)ccc1C(=O)N1CCC(C)CC1,0.587375462,,
452,CCc1ncnc(-c2ccc(C(=O)N3CCCC(C(=O)N(C)C)C3)c(F)c2F)c1C#Cc1ccc(N)nc1,0.531689942,,
453,CCc1ncnc(-c2ccc(C(=O)N3CCCC(C(=O)N(C)CC)C3)c(F)c2)c1C#Cc1ccc(N)nc1,0.522332489,0.6,5
454,CCc1ncnc(-c2ccc(C(=O)N3CCCC(C(C)C)CC3)c(F)c2F)c1C#Cc1ccc(N)nc1,0.491188794,,
455,CCc1ncnc(-c2ccc(C(=O)N3CCCC(C(N)CC)C3)cc2F)c1C#Cc1ccc(N)nc1,0.530742466,,
455,CCc1ncnc(-c2ccc(C(=O)N3CCCC(C(C)C(C)C)C3)c(F)c2)c1C#Cc1ccc(N)nc1,0.477475137,,
456,CCc1ncnc(-c2ccc(C(=O)N3CCCC(N(C)C)C3)c(C)c2)c1C#Cc1ccc(N)nc1,0.58932668,0.7,3
457,CCCN(CC)C1CCCN(C(=O)c2ccc(-c3ncnc(CC)c3C#Cc3ccc(N)nc3)cc2F)C1,0.465336949,,
458,CCc1ncnc(-c2ccc(C(=O)N3CCCCC3C(=O)N(C)C)cc2)c1C#Cc1ccc(N)nc1,0.572924495,,
459,CCCCc1ncnc(-c2ccc(C(=O)N3CCN(CC)CC3)c(F)c2)c1C#Cc1ccc(N)nc1,0.533772707,0.6,4
460,CCCc1ncnc(-c2ccc(C(=O)N3CCCC(N)C3)c(F)c2F)c1C#Cc1ccc(N)nc1,0.559172213,,
461,CCc1ncnc(-c2ccc(C(=O)N3CCN(C(C)CC)CC3)c(F)c2C)c1C#Cc1ccc(N)nc1,0.531250656,0.2,5
462,CC(C)Cc1ncnc(-c2ccc(C(=O)N3CCCN(C)CC3)cc2)c1C#Cc1ccc(N)nc1,0.58991313,,
463,CCCCc1ncnc(-c2ccc(C(=O)N3CCCC(C(N)=O)CC3)c(F)c2)c1C#Cc1ccc(N)nc1,0.482605129,,
464,CCCc1ncnc(-c2ccc(C(=O)N3CCC(CC(N)CC)CC3)cc2)c1C#Cc1ccc(N)nc1,0.46757108,,
465,CCCc1ncnc(-c2ccc(C(=O)N3CCCC(C(N)CC)C3)c(F)c2)c1C#Cc1ccc(N)nc1,0.490908414,,
466,CCCc1ncnc(-c2ccc(C(=O)N3CCCC(C(C)CC)C3)c(F)c2)c1C#Cc1ccc(N)nc1,0.452179164,,
467,CCCc1ncnc(-c2ccc(C(=O)N3CCCC(CC)CC3)cc2)c1C#Cc1ccc(N)nc1,0.526239753,,
468,CCCc1ncnc(-c2ccc(C(=O)N3CCCC(CN(C)C)CC3)c(F)c2)c1C#Cc1ccc(N)nc1,0.490320593,,
469,CCc1ncnc(-c2ccc(C(=O)N3CCC(C(N)C(C)C)CC3)cc2F)c1C#Cc1ccc(N)nc1,0.511377454,,
469,CCc1ncnc(-c2cc(F)c(C(=O)N3CCC(CN)CC3)c(F)c2)c1C#Cc1ccc(N)nc1,0.559847057,,
470,CCc1ncnc(-c2ccc(C(=O)N3CCC(C(N)CC)C3)c(F)c2F)c1C#Cc1ccc(N)nc1,0.529333234,,
470,CCc1ncnc(-c2cc(F)c(C(=O)N3CCCC(C(C)C)C3)c(F)c2)c1C#Cc1ccc(N)nc1,0.528816104,,
471,CCc1ncnc(-c2ccc(C(=O)N3CCCC(N(C)CC)CC3)cc2F)c1C#Cc1ccc(N)nc1,0.529338181,,
471,CCc1ncnc(-c2ccc(C(=O)N3CCC(CCN)CC3)cc2F)c1C#Cc1ccc(N)nc1,0.550667942,,
472,CCc1ncnc(-c2ccc(C(=O)N3CCCCC3C(C)C)c(C)c2)c1C#Cc1ccc(N)nc1,0.543381989,,
473,CCc1ncnc(-c2cnc(C(=O)N3CCCC(C(C)C)C3)nc2)c1C#Cc1ccc(N)nc1,0.600446284,,
474,CCc1ncnc(-c2ccc(C(=O)N3CCCC(C(=O)N(C)C)CC3)cc2F)c1C#Cc1ccc(N)nc1,0.53412205,,
475,CCc1ncnc(-c2ccc(C(=O)N3CCCC(C(C)C)C3)cc2C)c1C#Cc1ccc(N)nc1,0.551837802,,
476,CCc1ncnc(-c2ccc(C(=O)N3CCCCC3C(C)C)cc2F)c1C#Cc1ccc(N)nc1,0.548796892,,
477,CCc1ncnc(-c2ccc(C(=O)N3CCN(C(C)CC)CC3C)cc2C)c1C#Cc1ccc(N)nc1,0.52900666,,
478,CCc1cc(-c2ncnc(CC)c2C#Cc2ccc(N)nc2)ncc1C(=O)N1CCCC(C(C)C)C1,0.535995007,,
479,CCCN1CCN(C(=O)c2ccc(-c3ncnc(CC)c3C#Cc3ccc(N)nc3)cc2)CC1,0.595655739,,
480,CCCc1ncnc(-c2ccc(C(=O)N3CCC(N(C)C)C3)cc2)c1C#Cc1ccc(N)nc1,0.595663905,,
481,CCCc1ncnc(-c2ccc(C(=O)N3CCCC(CN(C)C)CC3)cc2)c1C#Cc1ccc(N)nc1,0.512782156,,
482,CCc1ncnc(-c2ccc(C(=O)N3CCCC(CN)CC3)cc2)c1C#Cc1ccc(N)nc1,0.585440814,,
483,CCCc1ncnc(-c2ccc(C(=O)N3CCC(C(C)C)CC3)cn2)c1C#Cc1ccc(N)nc1,0.558347404,,
484,CCCc1ncnc(-c2ccc(C(=O)N3CCC(CC)CC3)cc2C)c1C#Cc1ccc(N)nc1,0.531291187,,
485,CCCc1ncnc(-c2ccc(C(=O)N3CCCC(N(C)C)C3)cc2F)c1C#Cc1ccc(N)nc1,0.552513182,,
486,CCCC(N)C1CCN(C(=O)c2ccc(-c3ncnc(CC)c3C#Cc3ccc(N)nc3)cc2F)CC1,0.490908414,0.6,5
487,CCc1ncnc(-c2ccc(C(=O)N3CCC(CC(N)CC)C3)cc2)c1C#Cc1ccc(N)nc1,0.53413558,,
488,CCCc1ncnc(-c2cc(F)c(C(=O)N3CCC(C(C)C)CC3)c(F)c2)c1C#Cc1ccc(N)nc1,0.480346859,,
489,CCCc1ncnc(-c2ccc(C(=O)N3CCC(C)CC3C)c(F)c2)c1C#Cc1ccc(N)nc1,0.548796892,0.2,4
490,CCc1ncnc(-c2ccc(C(=O)N3CCCC(C(N)CC)C3)cc2)c1C#Cc1ccc(N)nc1,0.552865922,,
491,CCc1ncnc(-c2ccc(C(=O)N3CCCC(N(C)C)CC3)cc2F)c1C#Cc1ccc(N)nc1,0.564984024,,
492,CCc1ncnc(-c2cc(F)c(C(=O)N3CCC(CC)CC3)c(F)c2)c1C#Cc1ccc(N)nc1,0.556701422,,
493,CCCCc1ncnc(-c2ccc(C(=O)N3CCN(CC)CC3)cc2F)c1C#Cc1ccc(N)nc1,0.533772707,,
494,CCCc1ncnc(-c2ccc(C(=O)N3CCC(C(N)CC)C3)c(F)c2)c1C#Cc1ccc(N)nc1,0.512761593,,
495,CCCCc1ncnc(-c2ccc(C(=O)N3CCCCC3C)c(F)c2)c1C#Cc1ccc(N)nc1,0.528523088,,
496,CCCc1ncnc(-c2ccc(C(=O)N3CCCCC3C(C)C)cc2C)c1C#Cc1ccc(N)nc1,0.491145998,,
497,CCc1ncnc(-c2ccc(C(=O)N3CC(C)CC(CC)C3)cc2C)c1C#Cc1ccc(N)nc1,0.551837802,,
498,CCc1ncnc(-c2ccc(C(=O)N3CCC(N(C)C(C)C)C3)c(F)c2)c1C#Cc1ccc(N)nc1,0.552536011,0.2,3
499,CCCCc1ncnc(-c2ccc(C(=O)N3CCCC(N(C)C)CC3)cc2)c1C#Cc1ccc(N)nc1,0.508488774,,
499,CCc1ncnc(-c2ccc(C(=O)N3CCC(N(C)CC)C3)cc2)c1C#Cc1ccc(N)nc1,0.595663905,,
500,CCc1ncnc(-c2ccc(C(=O)N3CCCC(CN(C)C)CC3)c(F)c2)c1C#Cc1ccc(N)nc1,0.532541096,0.2,3
501,CCc1ncnc(-c2ccc(C(=O)N3CCCC(C(=O)N(C)C)C3)cc2)c1C#Cc1ccc(N)nc1,0.573347807,,
502,CCc1ncnc(-c2cnc(C(=O)N3CCC(C(C)C(C)C)CC3)c(F)c2)c1C#Cc1ccc(N)nc1,0.507397413,,
503,CCCc1ncnc(-c2ccc(C(=O)N3CCCC(CN)CC3)cc2)c1C#Cc1ccc(N)nc1,0.552846849,,
503,CCCC(N)C1CCCN(C(=O)c2ccc(-c3ncnc(CC)c3C#Cc3ccc(N)nc3)cc2)C1,0.512673676,,
504,CCc1ncnc(-c2ccc(C(=O)N3CCCC(N(CC)CC)CC3)cc2F)c1C#Cc1ccc(N)nc1,0.485490978,,
505,CCc1ncnc(-c2ccc(C(=O)N3CCCC3C(N)C(C)C)cc2F)c1C#Cc1ccc(N)nc1,0.530765593,,
506,CCc1ncnc(-c2ccc(C(=O)N3CCCC(CN)CC3)c(F)c2F)c1C#Cc1ccc(N)nc1,0.541265666,,
507,CCc1ncnc(-c2ccc(C(=O)N3CCCC(N(C)C(C)C)C3)c(F)c2F)c1C#Cc1ccc(N)nc1,0.50684613,,
508,CCc1ncnc(-c2ccc(C(=O)N3CCN(C(C)C(C)C)CC3)cc2F)c1C#Cc1ccc(N)nc1,0.532573581,,
509,CCCc1ncnc(-c2ccc(C(=O)N3CCC(N(C)C(C)C)CC3)cn2)c1C#Cc1ccc(N)nc1,0.516862452,,
510,CCCc1ncnc(-c2ccc(C(=O)N3CCN(C(C)CC)CC3)c(F)c2C)c1C#Cc1ccc(N)nc1,0.48834759,,
510,CCCc1ncnc(-c2ccc(C(=O)N3CCCC(C)CC3)c(C)c2)c1C#Cc1ccc(N)nc1,0.543282986,,
511,CCc1ncnc(-c2ccc(C(=O)N3CCC(CC(N)CC)C3)c(F)c2)c1C#Cc1ccc(N)nc1,0.512761593,0.2,5
511,CCCc1ncnc(-c2ccc(C(=O)N3CCCC(CN)CC3)c(F)c2F)c1C#Cc1ccc(N)nc1,0.509231091,,
512,CCc1ncnc(-c2ccc(C(=O)N3CCC(CC)CC3C)c(F)c2)c1C#Cc1ccc(N)nc1,0.548796892,0.2,3
513,CCc1ncnc(-c2ccc(C(=O)N3CCC(C)CC3C)c(F)c2)c1C#Cc1ccc(N)nc1,0.586292684,,
514,CCc1ncnc(-c2ccc(C(=O)N3CCC(N(C)C)CC3)c(F)c2)c1C#Cc1ccc(N(C)C)nc1,0.495828599,,
515,CCc1ncnc(-c2ccc(C(=O)N3CCCC(C(C)C)CC3)cn2)c1C#Cc1ccc(N)nc1,0.570949912,,
516,CCc1ncnc(-c2ccc(C(=O)N3CCCC(C(C)CC)C3)c(F)c2)c1C#Cc1ccc(N)nc1,0.507195532,0.2,4
517,CCCc1ncnc(-c2ccc(C(=O)N3CCCN(C(C)C)CC3)cc2F)c1C#Cc1ccc(N)nc1,0.529338181,,
518,CCCc1ncnc(-c2ccc(C(=O)N3CCN(C(C)C(C)C)CC3)cc2F)c1C#Cc1ccc(N)nc1,0.490370721,,
519,CCc1ncnc(-c2cnc(C(=O)N3CCCC(C(C)CC)C3)c(F)c2)c1C#Cc1ccc(N)nc1,0.532886982,,
520,CCc1ncnc(-c2ccc(C(=O)N3CCN(C(C)CC)CC3)cc2C)c1C#Cc1ccc(N)nc1,0.5542835,0.2,2
521,CCCCc1ncnc(-c2ccc(C(=O)N3CCCC(CN)CC3)c(F)c2)c1C#Cc1ccc(N)nc1,0.490869999,,
522,CCCc1ncnc(-c2ccc(C(=O)N3CCCC(C(C)C)C3)cc2)c1C#Cc1ccc(N)nc1,0.535004914,,
523,CCCc1ncnc(-c2ccc(C(=O)N3CCCC(N(C)C)CC3)cc2F)c1C#Cc1ccc(N)nc1,0.529338181,,
524,CCc1ncnc(-c2ccc(C(=O)N3CCCC(N(C)C(C)C)C3)cc2F)c1C#Cc1ccc(N)nc1,0.529377699,,
525,CCc1ncnc(-c2ccc(C(=O)N3CCN(C(C)C(C)CC)CC3)cc2F)c1C#Cc1ccc(N)nc1,0.490370721,,
526,CCCc1ncnc(-c2ccc(C(=O)N3CCC(CCCN)CC3)c(F)c2)c1C#Cc1ccc(N)nc1,0.470492661,,
527,CCCc1ncnc(-c2ccc(C(=O)N3CCCC(CN)C3)c(F)c2)c1C#Cc1ccc(N)nc1,0.550667942,0.6,4
528,CCCc1ncnc(-c2ccc(C(=O)N3CCCCC3C)c(F)c2)c1C#Cc1ccc(N)nc1,0.5777601,0.6,5
529,CCCc1ncnc(-c2cnc(C(=O)N3CCC(CC)CC3)c(F)c2)c1C#Cc1ccc(N)nc1,0.557151437,,
530,CCc1ncnc(-c2ccc(C(=O)N3CC(C(C)C)CC3CC)c(F)c2)c1C#Cc1ccc(N)nc1,0.507292509,,
531,CCc1ncnc(-c2ccc(C(=O)N3CCCC(C(C)CN)C3)c(F)c2)c1C#Cc1ccc(N)nc1,0.532580554,0.2,7
532,CCc1ncnc(-c2ccc(C(=O)N3CCCC(C(N)C(C)C)C3)c(F)c2)c1C#Cc1ccc(N)nc1,0.511377454,0.2,4
533,CCCc1ncnc(-c2ccc(C(=O)N3CCCC(C(C)C)C3)c(F)c2F)c1C#Cc1ccc(N)nc1,0.480346859,,
534,CCc1ncnc(-c2ccc(C(=O)N3CCCC(CN(C)CC)C3)c(F)c2)c1C#Cc1ccc(N)nc1,0.514499307,0.2,3
535,CCc1ncnc(-c2cnc(C(=O)N3CCCC(C(C)CC)CC3)c(F)c2)c1C#Cc1ccc(N)nc1,0.500324547,,
536,CCc1ncnc(-c2ccc(C(=O)N3CCC(N(CC)CC)C3)cc2)c1C#Cc1ccc(N)nc1,0.55594027,,
537,CCc1ncnc(-c2ccc(C(=O)N3CCCC(N(CC)CC)C3)cc2)c1C#Cc1ccc(N)nc1,0.533928573,,
538,CCc1ncnc(-c2ccc(C(=O)N3CCCC(N(CC)CC)C3)cn2)c1C#Cc1ccc(N)nc1,0.536187947,,
539,CCCCc1ncnc(-c2ccc(C(=O)N3CCCCC3)c(F)c2F)c1C#Cc1ccc(N)nc1,0.537697017,,
540,CCCc1ncnc(-c2ccc(C(=O)N3CCCCC3)c(F)c2C)c1C#Cc1ccc(N)nc1,0.58134836,,
541,CCc1ncnc(-c2ccc(C(=O)N3CCCC3C(N)C(C)C)cc2)c1C#Cc1ccc(N)nc1,0.552884936,,
542,CCc1ncnc(-c2ccc(C(=O)N3CCN(CC(C)CC)CC3)c(F)c2)c1C#Cc1ccc(N)nc1,0.514499307,0.6,3
543,CC(C)Cc1ncnc(-c2ccc(C(=O)N3CCCN(C(C)C)CC3)c(F)c2)c1C#Cc1ccc(N)nc1,0.507566392,,
544,CCCCc1ncnc(-c2ccc(C(=O)N3CCC(CC)CC3)cc2)c1C#Cc1ccc(N)nc1,0.508411467,,
545,CCCc1ncnc(-c2ccc(C(=O)N3CCCCC3CC)cc2)c1C#Cc1ccc(N)nc1,0.556814432,,
546,CCCCc1ncnc(-c2ccc(C(=O)N3CCC(CCN)CC3)c(F)c2)c1C#Cc1ccc(N)nc1,0.470492661,,
547,CCCCc1ncnc(-c2ccc(C(=O)N3CCCC(CN(C)C)C3)c(F)c2)c1C#Cc1ccc(N)nc1,0.469966054,,
548,CCCc1ncnc(-c2cc(F)c(C(=O)N3CCC(N(C)C)CC3)c(F)c2)c1C#Cc1ccc(N)nc1,0.530265272,,
548,CCc1ncnc(-c2ccc(C(=O)N3CCCC(CCN(C)C)CC3)c(F)c2)c1C#Cc1ccc(N)nc1,0.490320593,,
549,CCCc1ncnc(-c2ccc(C(=O)N3CCC(C(N)CCC)CC3)c(F)c2)c1C#Cc1ccc(N)nc1,0.446262568,,
550,CCCCc1ncnc(-c2ccc(C(=O)N3CCC(N(C)CC)CC3)c(F)c2)c1C#Cc1ccc(N)nc1,0.465336949,,
551,CCc1ncnc(-c2cc(F)c(C(=O)N3CCCC(CC)C3)c(F)c2)c1C#Cc1ccc(N)nc1,0.556701422,,
552,CCCc1ncnc(-c2ccc(C(=O)N3CCC(N(CC)CC)C3)c(F)c2)c1C#Cc1ccc(N)nc1,0.490175128,,
553,CCCC1CCN(C(=O)c2ccc(-c3ncnc(CC)c3C#Cc3ccc(N)nc3)c(F)c2F)CC1,0.509300053,,
554,CCc1ncnc(-c2cnc(C(=O)N3CCC(C(N)CC)CC3)c(F)c2)c1C#Cc1ccc(N)nc1,0.529711664,,
555,CCc1ncnc(-c2ccc(C(=O)N3CCC(N(C)CC)C3)cn2)c1C#Cc1ccc(N)nc1,0.590338767,,
556,CCC(=O)N(C)C1CCCN(C(=O)c2ccc(-c3ncnc(CC)c3C#Cc3ccc(N)nc3)cc2F)C1,0.520867109,0.5,2
557,CCc1ncnc(-c2ccc(C(=O)N3CCCC(N(C)CC(C)C)C3)c(F)c2)c1C#Cc1ccc(N)nc1,0.490370721,,
558,CCCN(CC)C1CCCN(C(=O)c2ccc(-c3ncnc(CC)c3C#Cc3ccc(N)nc3)c(F)c2)C1,0.465336949,,
559,CCc1ncnc(-c2ccc(C(=O)N3CCCCC3C(=O)N(C)C)c(F)c2)c1C#Cc1ccc(N)nc1,0.551368594,0.7,4
560,CC(C)Cc1ncnc(-c2ccc(C(=O)N3CCCCC3)c(F)c2)c1C#Cc1ccc(N)nc1,0.583954036,0.6,4
561,CCCc1ncnc(-c2ccc(C(=O)N3CCC(N)CC3)c(F)c2C)c1C#Cc1ccc(N)nc1,0.56261611,,
562,CCCc1ncnc(-c2ccc(C(=O)N3CCN(CC(C)CC)CC3)c(F)c2)c1C#Cc1ccc(N)nc1,0.469966054,,
563,CC#CCc1ncnc(-c2ccc(C(=O)N3CCCC(CN)CC3)c(F)c2)c1C#Cc1ccc(N)nc1,0.535677135,,
564,CCCCc1ncnc(-c2ccc(C(=O)N3CC(C)CC(C)C3)c(F)c2)c1C#Cc1ccc(N)nc1,0.507195532,,
565,CCCc1ncnc(-c2ccc(C(=O)N3CCCC(C)(C)C3)c(F)c2)c1C#Cc1ccc(N)nc1,0.548708498,,
566,CCc1ncnc(-c2ccc(C(=O)N3CC(C)CC(C)(C)C3)c(F)c2)c1C#Cc1ccc(N)nc1,0.558428586,0.5,10
567,CCCc1ncnc(-c2cnc(C(=O)N3CCCC(N(C)C)CC3)c(F)c2)c1C#Cc1ccc(N)nc1,0.533603847,,
568,CCc1ncnc(-c2ccc(C(=O)N3CCCC(C(C)C(C)C)C3)cc2F)c1C#Cc1ccc(N)nc1,0.477475137,,
569,CCc1ncnc(-c2ccc(C(=O)N3CCCC(CC)CC3)c(F)c2)c1C#Cc1ccc(N)nc1,0.548708498,0.7,2
570,CCc1ncnc(-c2ccc(C(=O)N3CCC(N(C(C)C)C(C)C)C3)c(F)c2)c1C#Cc1ccc(N)nc1,0.485607386,,
571,CCCCC1CCN(C(=O)c2ncc(-c3ncnc(CC)c3C#Cc3ccc(N)nc3)cc2F)CC1,0.509124517,,
572,CCCN(CC)C1CCN(C(=O)c2ccc(-c3ncnc(CC)c3C#Cc3ccc(N)nc3)c(F)c2)C1,0.490175128,,
573,CCc1ncnc(-c2cnc(C(=O)N3CCCC(CC(C)C)CC3)c(F)c2)c1C#Cc1ccc(N)nc1,0.500324547,,
574,CCc1ncnc(-c2ccc(C(=O)N3CCCCCC3C(C)C)cc2)c1C#Cc1ccc(N)nc1,0.538220704,,
575,CC(C)CCc1ncnc(-c2ccc(C(=O)N3CCC(N)CC3)c(F)c2)c1C#Cc1ccc(N)nc1,0.530742466,0.6,5
576,CCc1ncnc(-c2ccc(C(=O)N3CCCCC3C)c(F)c2C)c1C#Cc1ccc(N)nc1,0.583681166,,
577,CCc1ncnc(-c2ccc(C(=O)N3CCN(CC)CC3)cc2F)c1C#Cc1ccc(N)nc1,0.605020642,,
578,CCCc1ncnc(-c2ccc(C(=O)N3CCC(C)(C(C)C)CC3)c(F)c2)c1C#Cc1ccc(N)nc1,0.468035579,,
579,CCCc1ncnc(-c2ccc(C(=O)N3CCC(CCN)CC3)c(F)c2F)c1C#Cc1ccc(N)nc1,0.491979003,,
580,CCCc1ncnc(-c2ccc(C(=O)N3CCC(CCN)CC3)cc2)c1C#Cc1ccc(N)nc1,0.534117162,,
581,CCCc1ncnc(-c2ccc(C(=O)N3CCC(N(C)CC)C3)cc2)c1C#Cc1ccc(N)nc1,0.55594027,,
582,CCCc1ncnc(-c2ccc(C(=O)N3CCCCC(C)C3)c(F)c2)c1C#Cc1ccc(N)nc1,0.548708498,0.7,4
582,CCCc1ncnc(-c2ccc(C(=O)N3CCC(N(C)CC)CC3)c(C)c2)c1C#Cc1ccc(N)nc1,0.511037052,,
583,CCCc1ncnc(-c2cnc(C(=O)N3CCC(CCN)CC3)c(F)c2)c1C#Cc1ccc(N)nc1,0.51175952,,
583,CCCc1ncnc(-c2ccc(C(=O)N3CCCC(CC)CC3)c(F)c2)c1C#Cc1ccc(N)nc1,0.498180687,,
584,CCCc1ncnc(-c2cnc(C(=O)N3CCCC3C(C)C)c(F)c2)c1C#Cc1ccc(N)nc1,0.557198942,,
585,CCc1ncnc(-c2ccc(C(=O)N3CCC(C(C)C)C3)c(F)c2F)c1C#Cc1ccc(N)nc1,0.562709868,,
586,CCCc1ncnc(-c2ccc(C(=O)N3CCN(C(C)C)CC(C)C3)cc2)c1C#Cc1ccc(N)nc1,0.530809462,,
587,CCc1ncnc(-c2ccc(C(=O)N3CCCC(C(N)CC)CC3)c(F)c2)c1C#Cc1ccc(N)nc1,0.508122921,,
587,CCc1ncnc(-c2ccc(C(=O)N3CCC(N(C)C(C)CC)C3)cc2)c1C#Cc1ccc(N)nc1,0.533961296,,
588,CCCC1CCCN(C(=O)c2ccc(-c3ncnc(CC)c3C#Cc3ccc(N)nc3)cc2F)C1,0.536596954,0.6,2
589,CCc1ncnc(-c2ccc(C(=O)N3CCC(N(CC)CC)C3)cn2)c1C#Cc1ccc(N)nc1,0.553866923,,
590,CCCN(CC)C1CCN(C(=O)c2ccc(-c3ncnc(CC)c3C#Cc3ccc(N)nc3)nc2)C1,0.513929307,,
591,CCc1ncnc(-c2ccc(C(=O)N3CCCC(C(=O)N(C)CC)C3)cc2F)c1C#Cc1ccc(N)nc1,0.522332489,,
591,CCc1ncnc(-c2cnc(C(=O)N3CCCC(CC)CC3)c(F)c2)c1C#Cc1ccc(N)nc1,0.569726884,0.7,3
592,CCc1ncnc(-c2ccc(C(=O)N3CCCC(C(C)C)C3)c(F)c2F)c1C#Cc1ccc(N)nc1,0.528816104,,
593,CCCC(C)N1CCCN(C(=O)c2ccc(-c3ncnc(CC)c3C#Cc3ccc(N)nc3)cc2)CC1,0.508488774,,
594,CCc1ncnc(-c2ccc(C(=O)N3CCCC(N(C)CC)C3)c(F)c2F)c1C#Cc1ccc(N)nc1,0.530265272,,
595,CCc1ncnc(-c2ccc(C(=O)N3CCCC(N(C)CC)C3)cc2)c1C#Cc1ccc(N)nc1,0.575435281,,
596,CCCC1CCN(C(=O)c2c(F)cc(-c3ncnc(CC)c3C#Cc3ccc(N)nc3)cc2F)CC1,0.509300053,,
597,CC(C)c1ncnc(-c2ccc(C(=O)N3CCCCC3C)c(F)c2)c1C#Cc1ccc(N)nc1,0.571398914,,
598,CCCCc1ncnc(-c2ccc(C(=O)N3CCCC(N(C)C)CC3)cc2F)c1C#Cc1ccc(N)nc1,0.485490978,,
599,CCc1ncnc(-c2cnc(C(=O)N3CCC(CC(C)CC)CC3)c(F)c2)c1C#Cc1ccc(N)nc1,0.483374208,,
600,CCc1ncnc(-c2cnc(C(=O)N3CCC(N(C)CC)CC3)c(F)c2)c1C#Cc1ccc(N)nc1,0.551805317,0.2,4
600,CCCc1ncnc(-c2ccc(C(=O)N3CCC(CC(N)CC)CC3)c(F)c2)c1C#Cc1ccc(N)nc1,0.446262568,,
601,CCCc1ncnc(-c2ccc(C(=O)N3CCC(N(C)CC)C3)c(F)c2)c1C#Cc1ccc(N)nc1,0.53379482,0.5,10
602,CCCC(C)N1CCN(C(=O)c2ccc(-c3ncnc(CC)c3C#Cc3ccc(N)nc3)c(F)c2F)CC1,0.489631027,,
603,CCCC(N)CC1CCN(C(=O)c2ccc(-c3ncnc(CC)c3C#Cc3ccc(N)nc3)c(F)c2)CC1,0.446262568,,
603,CCCCN1CCN(C(=O)c2ccc(-c3ncnc(CC)c3C#Cc3ccc(N)nc3)c(F)c2)CC1,0.533772707,,
603,CCc1ncnc(-c2ccc(C(=O)N3CCC(CC(C)C)C3)c(F)c2)c1C#Cc1ccc(N)nc1,0.543984294,0.2,3
604,CCc1ncnc(-c2ccc(C(=O)N3CCC(CC(C)C)CC3)c(F)c2F)c1C#Cc1ccc(N)nc1,0.480346859,,
605,CCc1ncnc(-c2ccc(C(=O)N3CCC(CC(N)CC)C3)c(F)c2F)c1C#Cc1ccc(N)nc1,0.492005855,,
606,CCc1ncnc(-c2ccc(C(=O)N3CCC(N(CC)C(C)C)C3)c(F)c2)c1C#Cc1ccc(N)nc1,0.511443079,0.6,3
607,CCc1ncnc(-c2ccc(C(=O)N3CCCC(C(=O)N(C)C)C3)cc2C)c1C#Cc1ccc(N)nc1,0.55572319,,
608,CCCC(N)C1CCCN(C(=O)c2ccc(-c3ncnc(CC)c3C#Cc3ccc(N)nc3)cc2F)C1,0.490908414,,
608,CCc1ncnc(-c2ccc(C(=O)N3CCCN(C(C)CC)CC3)c(F)c2F)c1C#Cc1ccc(N)nc1,0.506800771,,
609,CCc1ncnc(-c2ccc(C(=O)N3CCN(C(C)C(C)CC)CC3)cc2)c1C#Cc1ccc(N)nc1,0.512826383,,
610,CCc1ncnc(-c2ccc(C(=O)N3CCCC(N(C)CC(C)C)C3)cc2F)c1C#Cc1ccc(N)nc1,0.490370721,,
611,CCc1ncnc(-c2ccc(C(=O)N3CCCN(C(C)C(C)C)CC3)cc2)c1C#Cc1ccc(N)nc1,0.530809462,,
612,CCc1ncnc(-c2ccc(C(=O)N3CCCN(C(C)CC)CC3)cc2C)c1C#Cc1ccc(N)nc1,0.528957427,,
613,CC#CCCc1ncnc(-c2ccc(C(=O)N3CCN(C(C)CC)CC3)c(F)c2)c1C#Cc1ccc(N)nc1,0.487216622,,
614,CCCCc1ncnc(-c2ccc(C(=O)N3CCCCC3)c(F)c2C)c1C#Cc1ccc(N)nc1,0.533150077,,
615,CCc1ncnc(-c2ccc(C(=O)N3CCC(CN)CC3)c(F)c2F)c1C#Cc1ccc(N)nc1,0.559847057,,
615,CCCCc1ncnc(-c2ccc(C(=O)N3CCCC(CC)C3)c(F)c2)c1C#Cc1ccc(N)nc1,0.481303006,,
616,CCCc1ncnc(-c2ccc(C(=O)N3CCCC(C)CC3)cc2F)c1C#Cc1ccc(N)nc1,0.548708498,,
616,CCc1ncnc(-c2ccc(C(=O)N3CCCCC3C(C)C)cn2)c1C#Cc1ccc(N)nc1,0.595475614,,
617,CCc1ncnc(-c2ccc(C(=O)N3CCN(CC(C)C)CC3)c(F)c2)c1C#Cc1ccc(N)nc1,0.554319441,0.7,3
617,CCCc1ncnc(-c2ccc(C(=O)N3CCCCC3C(=O)N(C)C)cc2)c1C#Cc1ccc(N)nc1,0.541774452,,
618,CCCc1ncnc(-c2ccc(C(=O)N3CCCCC3C(C)C)c(F)c2)c1C#Cc1ccc(N)nc1,0.498283595,,
618,CCc1ncnc(-c2ccc(C(=O)N3CCN(CC)CC3)c(F)c2C)c1C#Cc1ccc(N)nc1,0.586456358,,
618,CCc1ncnc(-c2cc(F)c(C(=O)N3CCC(N(C)C)C3)c(F)c2)c1C#Cc1ccc(N)nc1,0.582428098,,
619,CCCc1ncnc(-c2ccc(C(=O)N3CCCCCC3C(C)C)c(F)c2)c1C#Cc1ccc(N)nc1,0.458501607,,
619,CCc1ncnc(-c2cc(F)c(C(=O)N3CCCC(CN(C)C)C3)c(F)c2)c1C#Cc1ccc(N)nc1,0.532456815,,
620,CCCN1CCN(C(=O)c2ccc(-c3ncnc(CC)c3C#Cc3ccc(N)nc3)cc2F)CC1,0.57299161,0.6,5
621,CCc1ncnc(-c2ccc(C(=O)N3CCC(N(C)C(C)CC)C3)c(F)c2)c1C#Cc1ccc(N)nc1,0.511443079,0.2,3
622,CCc1ncnc(-c2ccc(C(=O)N3CCC(N(C)CC)C3)c(F)c2F)c1C#Cc1ccc(N)nc1,0.550869286,,
623,CCc1ncnc(-c2cnc(C(=O)N3CCC(CN(C)C)CC3)c(F)c2)c1C#Cc1ccc(N)nc1,0.552225173,0.2,4
624,CCc1ncnc(-c2ccc(C(=O)N3CCCC(CC)C3)cc2C)c1C#Cc1ccc(N)nc1,0.581233025,,
625,CCc1ncnc(-c2cnc(C(=O)N3CCCC(CC)C3)c(F)c2)c1C#Cc1ccc(N)nc1,0.596103191,0.6,3
626,CCc1ncnc(-c2ccc(C(=O)N3CCCC(N(C)CC)C3)nc2)c1C#Cc1ccc(N)nc1,0.573289216,,
627,CCC(C)C(=O)N1CCN(C(=O)c2ccc(-c3ncnc(C(C)C)c3C#Cc3ccc(N)nc3)cc2F)CC1,0.49987486,,
628,CCCCc1ncnc(-c2ccc(C(=O)N3CCN(CC)CC3)c(F)c2C)c1C#Cc1ccc(N)nc1,0.513218343,,
629,CCCCc1ncnc(-c2ccc(C(=O)N3CCN(CC)CC3)c(F)c2F)c1C#Cc1ccc(N)nc1,0.512274027,,
630,CCCc1ncnc(-c2ccc(C(=O)N3CCC(CC)CC3)c(F)c2F)c1C#Cc1ccc(N)nc1,0.509300053,,
631,CCc1cc(-c2ncnc(CC)c2C#Cc2ccc(N)nc2)ccc1C(=O)N1CCCC(N(C)C)C1,0.556591928,0.2,3
632,CCCC(C)N1CCN(C(=O)c2ccc(-c3ncnc(CC)c3C#Cc3ccc(N)nc3)cc2)CC1,0.533928573,0.5,2
633,CCCCc1ncnc(-c2ccc(C(=O)N3CCCCC3CN)c(F)c2)c1C#Cc1ccc(N)nc1,0.510495961,,
634,CCCc1ncnc(-c2cc(F)c(C(=O)N3CCC(C)CC3)c(F)c2)c1C#Cc1ccc(N)nc1,0.556701422,,
635,CCCc1ncnc(-c2ccc(C(=O)N3CCCC(C(N)CC)C3)cc2)c1C#Cc1ccc(N)nc1,0.512673676,,
636,CCCc1ncnc(-c2ccc(C(=O)N3CCCC(C)C3)c(F)c2F)c1C#Cc1ccc(N)nc1,0.556701422,,
636,CCCc1ncnc(-c2ccc(C(=O)N3CCCC(C(N)=O)C3)c(F)c2)c1C#Cc1ccc(N)nc1,0.533859789,,
637,CCCc1ncnc(-c2ccc(C(=O)N3CCCC(N(C)C)C3)c(F)c2F)c1C#Cc1ccc(N)nc1,0.530265272,,
638,CCCc1ncnc(-c2ccc(C(=O)N3CCCC(CCC)C3)c(F)c2)c1C#Cc1ccc(N)nc1,0.481303006,,
639,CCc1ncnc(-c2ccc(C(=O)N3CCC(CCN)CC3C)c(F)c2)c1C#Cc1ccc(N)nc1,0.530742466,0.2,4
640,CCc1ncnc(-c2ccc(C(=O)N3CCC(CCN)CC3)c(F)c2F)c1C#Cc1ccc(N)nc1,0.529318392,,
640,CCc1ncnc(-c2cc(F)c(C(=O)N3CCC(N(CC)CC)CC3)c(F)c2)c1C#Cc1ccc(N)nc1,0.489631027,,
641,CCc1ncnc(-c2ccc(C(=O)N3CCC(CN(C)C)CC3)cc2C)c1C#Cc1ccc(N)nc1,0.556688428,,
642,CCCC1(CN)CCN(C(=O)c2ccc(-c3ncnc(CC)c3C#Cc3ccc(N)nc3)cc2F)CC1,0.490869999,,
643,CCc1ncnc(-c2ccc(C(=O)N3CCCC(CC)C3)c(C)c2)c1C#Cc1ccc(N)nc1,0.581233025,,
644,CCc1ncnc(-c2cnc(C(=O)N3CCCC(CN(C)CC)C3)c(F)c2)c1C#Cc1ccc(N)nc1,0.516648412,,
644,CCc1ncnc(-c2ccc(C(=O)N3CCCCC3C(C)C)c(F)c2C)c1C#Cc1ccc(N)nc1,0.514819562,,
645,CCCc1ncnc(-c2ccc(C(=O)N3CCC(CN)CC3)c(F)c2F)c1C#Cc1ccc(N)nc1,0.529318392,,
646,CCCc1ncnc(-c2ccc(C(=O)N3CCN(CCC)CC3)c(F)c2)c1C#Cc1ccc(N)nc1,0.533772707,0.6,5
647,CCc1ncnc(-c2ccc(C(=O)N3CCC(CN(C)CC)CC3)c(F)c2)c1C#Cc1ccc(N)nc1,0.514499307,0.5,10
648,CCc1ncnc(-c2ccc(C(=O)N3CCC(N(C)C)CC3)c(F)c2C)c1C#Cc1ccc(N)nc1,0.566098154,,
649,CCc1ncnc(-c2ccc(C(=O)N3CCN(CC(C)CC)CC3)cc2F)c1C#Cc1ccc(N)nc1,0.514499307,,
650,CC(C)Cc1ncnc(-c2ccc(C(=O)N3CCCC(N)C3)c(F)c2)c1C#Cc1ccc(N)nc1,0.563108921,0.5,4
651,CCCc1ncnc(-c2ccc(C(=O)N3CCN(C(C)C(C)C)CC3)nc2)c1C#Cc1ccc(N)nc1,0.518656492,,
652,CCCc1ncnc(-c2cnc(C(=O)N3CCCC(N(C)C)C3)c(F)c2)c1C#Cc1ccc(N)nc1,0.551805317,,
653,CCc1ncnc(-c2ccc(C(=O)N3CCC(CCN(C)CC)CC3)c(F)c2)c1C#Cc1ccc(N)nc1,0.469966054,,
654,CCc1ncnc(-c2ccc(C(=O)N3CCCC(CC)C3C)c(F)c2)c1C#Cc1ccc(N)nc1,0.548796892,0.2,3
655,CCc1ncnc(-c2cnc(C(=O)N3CCCC(C)CC3)c(F)c2)c1C#Cc1ccc(N)nc1,0.598424256,,
656,CCc1ncnc(-c2cnc(C(=O)N3CCCC(N(C)C)C3)c(F)c2)c1C#Cc1ccc(N)nc1,0.581652582,0.2,4
657,CCc1ncnc(-c2ccc(C(=O)N3CCCC(N(C)C(C)CC)C3)c(F)c2)c1C#Cc1ccc(N)nc1,0.485549212,,
658,CCc1ncnc(-c2ccc(C(=O)N3CCCC(N(C)C)CC3)cc2C)c1C#Cc1ccc(N)nc1,0.566794276,,
659,CCc1ncnc(-c2ccc(C(=O)N3CCCC(N(C)CC)C3)cc2C)c1C#Cc1ccc(N)nc1,0.5542835,,
660,CCCc1ncnc(-c2ccc(C(=O)N3CCC(C)CC3)c(F)c2C)c1C#Cc1ccc(N)nc1,0.553092718,,
661,CC(C)Cc1ncnc(-c2ccc(C(=O)N3CCCC(N(C)C)C3)c(F)c2)c1C#Cc1ccc(N)nc1,0.532573581,0.6,4
662,CCCc1ncnc(-c2ccc(C(=O)N3CCN(C(C)C)CC3C)cc2)c1C#Cc1ccc(N)nc1,0.552685559,,
663,CCCc1ncnc(-c2ccc(C(=O)N3CCN(C(C)CC)CC3)cc2C)c1C#Cc1ccc(N)nc1,0.511037052,,
664,CCCCN1CCN(C(=O)c2ccc(-c3ncnc(CCC)c3C#Cc3ccc(N)nc3)c(C)c2F)CC1,0.468023509,,
665,CCc1ncnc(-c2ccc(C(=O)N3CCN(CC(C)CC)CC3)c(F)c2F)c1C#Cc1ccc(N)nc1,0.493215412,,
666,CCc1ncnc(-c2ccc(C(=O)N3CCC(N(C)C(C)C)C3)c(F)c2F)c1C#Cc1ccc(N)nc1,0.53029269,,
667,CCc1ncnc(-c2ccc(C(=O)N3CCC(N(C)CC(C)C)C3)cc2)c1C#Cc1ccc(N)nc1,0.536586642,,
668,CCCN(C)C1CCN(C(=O)c2ccc(-c3ncnc(CC)c3C#Cc3ccc(N)nc3)cc2F)C1,0.53379482,0.6,5
669,CCc1ncnc(-c2cc(F)c(C(=O)N3CCCC(CC)CC3)c(F)c2)c1C#Cc1ccc(N)nc1,0.520795465,,
670,CCc1ncnc(-c2ccc(C(=O)N3CCC(C)(C(C)CC)CC3)c(F)c2)c1C#Cc1ccc(N)nc1,0.468035579,,
671,CCCN(CC)C1CCN(C(=O)c2ccc(-c3ncnc(CC)c3C#Cc3ccc(N)nc3)cc2F)C1,0.490175128,,
672,CCC(C)c1ncnc(-c2ccc(C(=O)N3CCC(N(C)C)CC3)c(F)c2)c1C#Cc1ccc(N)nc1,0.524619579,,
673,CCCc1ncnc(-c2ccc(C(=O)N3CCC(C)(C)CC3)c(F)c2)c1C#Cc1ccc(N)nc1,0.548708498,0.6,5
674,CCCc1ncnc(-c2ccc(C(=O)N3CCC(C)CC3)c(F)c2F)c1C#Cc1ccc(N)nc1,0.556701422,,
675,CCCc1ncnc(-c2ccc(C(=O)N3CCC(CC)CC3)cc2F)c1C#Cc1ccc(N)nc1,0.536596954,,
676,CCCc1ncnc(-c2ccc(C(=O)N3CCC(CN(C)C)CC3)c(F)c2)c1C#Cc1ccc(N)nc1,0.514499307,0.6,5
677,CCCc1ncnc(-c2ccc(C(=O)N3CCC(N(C)CC)CC3)c(F)c2F)c1C#Cc1ccc(N)nc1,0.489631027,,
678,CCCc1ncnc(-c2ccc(C(=O)N3CCC(N(C)CCC)CC3)c(F)c2)c1C#Cc1ccc(N)nc1,0.465336949,,
679,CCCc1ncnc(-c2ccc(C(=O)N3CCN(C(=O)CC)CC3)c(F)c2C)c1C#Cc1ccc(N)nc1,0.521737456,,
680,CCc1ncnc(-c2ccc(C(=O)N3CCC(C(CC)CC)CC3)c(F)c2)c1C#Cc1ccc(N)nc1,0.452179164,,
681,CCCCc1ncnc(-c2ccc(C(=O)N3CCCC(N)CC3)c(F)c2F)c1C#Cc1ccc(N)nc1,0.506476998,,
682,CCCc1ncnc(-c2ccc(C(=O)N3CCCC(N(C)C)C3)cn2)c1C#Cc1ccc(N)nc1,0.573289216,,
683,CCCc1ncnc(-c2ccc(C(=O)N3CCCC(C)CC3)c(F)c2)c1C#Cc1ccc(N(C)C)nc1,0.442578375,,
684,CCCc1ncnc(-c2cnc(C(=O)N3CCCC(CC)C3)c(F)c2)c1C#Cc1ccc(N)nc1,0.557151437,,
685,CCc1ncnc(-c2cc(F)c(C(=O)N3CCC(N(C)CC)C3)c(F)c2)c1C#Cc1ccc(N)nc1,0.550869286,,
686,CCc1ncnc(-c2cc(F)c(C(=O)N3CCCC(CN)CC3)c(F)c2)c1C#Cc1ccc(N)nc1,0.541265666,,
687,CCc1ncnc(-c2ccc(C(=O)N3CCCC(C)C(C)C3)c(F)c2)c1C#Cc1ccc(N)nc1,0.558428586,,
688,CCc1ncnc(-c2ccc(C(=O)N3CCCC(CN)CC3)c(C)c2)c1C#Cc1ccc(N)nc1,0.566251159,,
689,CCc1ncnc(-c2ccc(C(=O)N3CCCCCC3C(C)C)c(F)c2)c1C#Cc1ccc(N)nc1,0.509530365,0.2,3
690,CCc1ncnc(-c2cnc(C(=O)N3CCCC(CN(C)C)CC3)c(F)c2)c1C#Cc1ccc(N)nc1,0.534765542,,
691,CCc1ncnc(-c2cnc(C(=O)N3CCCC(CN)C3)c(F)c2)c1C#Cc1ccc(N)nc1,0.57435143,,
692,CCc1ncnc(-c2cnc(C(=O)N3CCCN(C(C)CC)CC3)c(F)c2)c1C#Cc1ccc(N)nc1,0.533603847,0.6,5
693,CC(C)CCc1ncnc(-c2ccc(C(=O)N3CCC(N(C)C)CC3)c(F)c2)c1C#Cc1ccc(N)nc1,0.490370721,,
694,CC(C)CCc1ncnc(-c2ccc(C(=O)N3CCCN(C)CC3)c(F)c2)c1C#Cc1ccc(N)nc1,0.532541096,0.6,4
695,CC(C)c1ncnc(-c2ccc(C(=O)N3CCC(CN)CC3)c(F)c2)c1C#Cc1ccc(N)nc1,0.561579585,0.2,4
696,CCCCc1ncnc(-c2ccc(C(=O)N3CCN(CCC)CC3)c(F)c2)c1C#Cc1ccc(N)nc1,0.490138471,,
697,CCc1ncnc(-c2ccc(C(=O)N3CCC(CC)CC3)c(F)c2C)c1C#Cc1ccc(N)nc1,0.553092718,,
697,CCc1ncnc(-c2ccc(C(=O)N3CCC(C(C)C(C)C)C3)c(F)c2)c1C#Cc1ccc(N)nc1,0.515615821,0.4,13
698,CCc1ncnc(-c2ccc(C(=O)N3CCCC(N(C)CC)CC3)c(F)c2F)c1C#Cc1ccc(N)nc1,0.506800771,,
699,CCc1ncnc(-c2ccc(C(=O)N3CCCN(C(C)C)CC3)c(F)c2F)c1C#Cc1ccc(N)nc1,0.542233884,,
700,CC(C)Cc1ncnc(-c2ccc(C(=O)N3CCC(CN)CC3)c(F)c2)c1C#Cc1ccc(N)nc1,0.532580554,0.2,4
701,CCc1ncnc(-c2ccc(C(=O)N3CCC(N(C)CC)C3)nc2)c1C#Cc1ccc(N)nc1,0.590338767,,
701,CCCc1ncnc(-c2ccc(C(=O)N3CCCCC3C)c(C)c2)c1C#Cc1ccc(N)nc1,0.573944688,,
702,CCCc1ncnc(-c2cnc(C(=O)N3CCC(CC(C)C)CC3)c(F)c2)c1C#Cc1ccc(N)nc1,0.483374208,,
702,CCc1ncnc(-c2ccc(C(=O)N3CCC(N(C)CCC(C)C)C3)c(F)c2)c1C#Cc1ccc(N)nc1,0.470014125,,
703,CCCc1ncnc(-c2cnc(C(=O)N3CCCC(N)CC3)c(F)c2)c1C#Cc1ccc(N)nc1,0.55839771,,
704,CCc1ncnc(-c2ccc(C(=O)N3CCCC(C)CC3)c(F)c2CC)c1C#Cc1ccc(N)nc1,0.523130774,,
705,CCc1ncnc(-c2ccc(C(=O)N3CCCC(CN(C)C)CC3)c(F)c2F)c1C#Cc1ccc(N)nc1,0.510510802,,
706,CCc1ncnc(-c2cnc(C(=O)N3CCCCC3C)c(F)c2)c1C#Cc1ccc(N)nc1,0.619742632,,
707,CCCCc1ncnc(-c2ccc(C(=O)N3CCCCC3C)cc2F)c1C#Cc1ccc(N)nc1,0.528523088,,
708,CCCCc1ncnc(-c2ccc(C(=O)N3CCCN(CC)CC3)c(F)c2)c1C#Cc1ccc(N)nc1,0.511366665,,
709,CCCCc1ncnc(-c2ccc(C(=O)N3CCN(C)CC3)c(F)c2C)c1C#Cc1ccc(N)nc1,0.553582847,,
710,CC(C)Cc1ncnc(-c2ccc(C(=O)N3CCC(N)CC3)c(F)c2)c1C#Cc1ccc(N)nc1,0.563108921,0.5,7
711,CCCCc1ncnc(-c2ccc(C(=O)N3CCC(CN)CC3)c(F)c2)c1C#Cc1ccc(N)nc1,0.512739182,0.2,4
712,CCCc1ncnc(-c2ccc(C(=O)N3CCN(CC)CC3)c(F)c2C)c1C#Cc1ccc(N)nc1,0.553582847,,
713,CCCc1ncnc(-c2ccc(C(=O)N3CCN(CC)CC3)c(F)c2F)c1C#Cc1ccc(N)nc1,0.550854862,,
714,CCCc1ncnc(-c2ccc(C(=O)N3CCN(CC)CC3)cn2)c1C#Cc1ccc(N)nc1,0.59034133,,
715,CCCCN1CCN(C(=O)c2ccc(-c3ncnc(CCC)c3C#Cc3ccc(N)nc3)cc2F)CC1,0.490138471,,
716,CCc1ncnc(-c2ccc(C(=O)N3CC(C)CC(C)C3)c(F)c2C)c1C#Cc1ccc(N)nc1,0.562349141,,
717,CCc1ncnc(-c2ccc(C(=O)N3CCC(CCC(C)C)CC3)c(F)c2)c1C#Cc1ccc(N)nc1,0.452179164,,
718,CCCCN(C)C1CCN(C(=O)c2ccc(-c3ncnc(CC)c3C#Cc3ccc(N)nc3)cc2F)CC1,0.465336949,,
719,CCCc1ncnc(-c2ccc(C(=O)N3CCC(CCC)CC3)cc2F)c1C#Cc1ccc(N)nc1,0.481303006,,
720,CCCc1ncnc(-c2ccc(C(=O)N3CCCCCC3C)c(C)c2)c1C#Cc1ccc(N)nc1,0.534138799,,
721,CCCCc1ncnc(-c2ccc(C(=O)N3CCCC(CN)C3)c(F)c2)c1C#Cc1ccc(N)nc1,0.512739182,,
722,CCCc1ncnc(-c2ccc(C(=O)N3CCCCCC3C)c(F)c2)c1C#Cc1ccc(N)nc1,0.540452421,,
723,CCCCc1ncnc(-c2ccc(C(=O)N3CCN(CCC)CC3)cc2F)c1C#Cc1ccc(N)nc1,0.490138471,,
724,CCCc1ncnc(-c2ccc(C(=O)N3CCC(CC)CC3)c(F)c2C)c1C#Cc1ccc(N)nc1,0.503356278,,
725,CCCc1ncnc(-c2cnc(C(=O)N3CCC(N(C)CC)CC3)c(F)c2)c1C#Cc1ccc(N)nc1,0.515526056,,
725,CCc1ncnc(-c2ccc(C(=O)N3CCC(N(C)C(C)C)C3)cc2)c1C#Cc1ccc(N)nc1,0.575453877,,
726,CCCN(C)C1CCN(C(=O)c2ccc(-c3ncnc(CC)c3C#Cc3ccc(N)nc3)nc2)CC1,0.536187947,,
727,CCc1ncnc(-c2ccc(C(=O)N3CCCC(CN)CC3)cc2F)c1C#Cc1ccc(N)nc1,0.56309706,,
728,CCc1ncnc(-c2ccc(C(=O)N3CCC(CN(C)C)CC3)c(F)c2)c1C#Cc1ccc(N)nc1,0.554319441,0.7,3
729,CCc1ncnc(-c2ccc(C(=O)N3CCCC(N(C)C)CC3)cn2)c1C#Cc1ccc(N)nc1,0.586228907,,
730,CCc1ncnc(-c2cnc(C(=O)N3CCCC(C(C)C)C3)c(F)c2)c1C#Cc1ccc(N)nc1,0.573731184,0.6,6
731,CCc1ncnc(-c2cnc(C(=O)N3CCCC(C)C3)c(F)c2)c1C#Cc1ccc(N)nc1,0.621288657,,
732,CCc1ncnc(-c2cnc(C(=O)N3CCN(C(CC)CC)CC3)c(F)c2)c1C#Cc1ccc(N)nc1,0.515526056,0.6,5
733,CCc1ncnc(-c2ccc(C(=O)N3CCC(CCCN(C)C)CC3)c(F)c2)c1C#Cc1ccc(N)nc1,0.469966054,,
734,CCCc1ncnc(-c2ccc(C(=O)N3CCCC(C(C)C)C3C)c(F)c2)c1C#Cc1ccc(N)nc1,0.468141764,,
735,CCCc1ncnc(-c2ccc(C(=O)N3CCCC(C)C3)cc2C)c1C#Cc1ccc(N)nc1,0.581233025,,
735,CCCCc1ncnc(-c2ccc(C(=O)N3CCCC(C)C3C)c(F)c2)c1C#Cc1ccc(N)nc1,0.498283595,,
736,CCCc1ncnc(-c2ccc(C(=O)N3CCC(C)CC3)c(C)c2C)c1C#Cc1ccc(N)nc1,0.548224449,,
737,CCCc1ncnc(-c2ccc(C(=O)N3CCC(CC)(CN)CC3)c(F)c2)c1C#Cc1ccc(N)nc1,0.490869999,,
738,CCCc1ncnc(-c2ccc(C(=O)N3CCC(CN)CC3)c(F)c2C)c1C#Cc1ccc(N)nc1,0.531829774,,
739,CCc1ncnc(-c2ccc(C(=O)N3CCC(C(C)C(C)C)CC3)cc2F)c1C#Cc1ccc(N)nc1,0.477475137,,
739,CCCc1ncnc(-c2ccc(C(=O)N3CCC(CN)CC3)cc2F)c1C#Cc1ccc(N)nc1,0.550667942,,
740,CCCc1ncnc(-c2ccc(C(=O)N3CCCCC3C(N)C(C)C)c(F)c2)c1C#Cc1ccc(N)nc1,0.465648353,,
741,CCCc1ncnc(-c2cnc(C(=O)N3CCC(C(C)CC)CC3)c(F)c2)c1C#Cc1ccc(N)nc1,0.483374208,,
741,CCCc1ncnc(-c2ccc(C(=O)N3CCCN(CC)CC3)c(F)c2)c1C#Cc1ccc(N)nc1,0.552490294,0.6,4
742,CCc1ncnc(-c2cc(F)c(C(=O)N3CCC(C(N)CC)CC3)c(F)c2)c1C#Cc1ccc(N)nc1,0.509258866,,
743,CCc1ncnc(-c2ccc(C(=O)N3CCCC(C(C)C)C3)c(C)c2)c1C#Cc1ccc(N)nc1,0.551837802,0.2,2
744,CCc1ncnc(-c2ccc(C(=O)N3CCC(C)(N(C)C)CC3)c(F)c2)c1C#Cc1ccc(N)nc1,0.564984024,0.2,3
744,CCc1ncnc(-c2ccc(C(=O)N3CCCC(C(N)CC)C3)c(C)c2)c1C#Cc1ccc(N)nc1,0.53229779,,
744,CCCc1ncnc(-c2ccc(C(=O)N3CCN(CC(C)C)CC3)c(F)c2F)c1C#Cc1ccc(N)nc1,0.493215412,,
745,CCCc1ncnc(-c2ccc(C(=O)N3CCN(CC)CC3)cc2F)c1C#Cc1ccc(N)nc1,0.57299161,,
746,CCCc1ncnc(-c2ccc(C(=O)N3CCN(CCC)CC3)cc2)c1C#Cc1ccc(N)nc1,0.55592227,,
747,CCc1ncnc(-c2ccc(C(=O)N3CCC(N(C)C(C)C)CC3)nc2)c1C#Cc1ccc(N)nc1,0.555001974,,
748,CCc1ncnc(-c2cnc(C(=O)N3CCC(N(C)C)C3)c(F)c2)c1C#Cc1ccc(N)nc1,0.598031223,,
749,CCc1ncnc(-c2cnc(C(=O)N3CCCC(CN)CC3)c(F)c2)c1C#Cc1ccc(N)nc1,0.55850172,,
750,CCCc1ncnc(-c2ccc(C(=O)N3CCCC(C(C)C)CC3)cc2)c1C#Cc1ccc(N)nc1,0.495250523,,
751,CCCc1ncnc(-c2ccc(C(=O)N3CCCC(C)C3C)c(F)c2)c1C#Cc1ccc(N)nc1,0.548796892,0.7,4
752,CCCc1ncnc(-c2cc(F)c(C(=O)N3CCC(CC)CC3)c(F)c2)c1C#Cc1ccc(N)nc1,0.509300053,,
753,CCCc1ncnc(-c2cc(F)c(C(=O)N3CCC(N(C)C)C3)c(F)c2)c1C#Cc1ccc(N)nc1,0.550869286,,
754,CCc1ncnc(-c2ccc(C(=O)N3CCC(N(C)CC(C)C)C3)cc2C)c1C#Cc1ccc(N)nc1,0.514968634,,
755,CCCc1ncnc(-c2cnc(C(=O)N3CCC(C)CC3)c(F)c2)c1C#Cc1ccc(N)nc1,0.596103191,,
755,CCc1ncnc(-c2ccc(C(=O)N3CCCC(CN(C)C)CC3)cc2F)c1C#Cc1ccc(N)nc1,0.532541096,,
756,CCCc1ncnc(-c2cnc(C(=O)N3CCC(N(C)C(C)C)CC3)c(F)c2)c1C#Cc1ccc(N)nc1,0.496192217,,
757,CCCc1ncnc(-c2cnc(C(=O)N3CCCC(C(C)C)C3)c(F)c2)c1C#Cc1ccc(N)nc1,0.532886982,,
758,CCCc1ncnc(-c2cnc(C(=O)N3CCCC(CN(C)C)CC3)c(F)c2)c1C#Cc1ccc(N)nc1,0.498338044,,
759,CCCc1ncnc(-c2cnc(C(=O)N3CCCN(C)CC3)c(F)c2)c1C#Cc1ccc(N)nc1,0.581653059,,
760,CCc1ncnc(-c2ccc(C(=O)N3CCCN(C(C)C)CC3)c(C)c2F)c1C#Cc1ccc(N)nc1,0.543241501,,
761,CCc1ncnc(-c2ccc(C(=O)N3CCC(C)(C(C)C)CC3)c(F)c2)c1C#Cc1ccc(N)nc1,0.518643439,0.7,3
762,CCc1ncnc(-c2ccc(C(=O)N3CCCN(C(C)CC)CC3C)c(F)c2)c1C#Cc1ccc(N)nc1,0.502575815,,
763,CCc1cc(C(=O)N2CC(CC)CC2C)ncc1-c1ncnc(CC)c1C#Cc1ccc(N)nc1,0.560803235,,
764,CCc1ncnc(-c2cnc(C(=O)N3CC(CC)CC3CN)c(F)c2)c1C#Cc1ccc(N)nc1,0.546174049,,
765,CCC(C)N1CCN(C(=O)c2ccc(-c3ncnc(C(C)C)c3C#Cc3ccc(N)nc3)cc2)CC1,0.548566163,,
766,CCc1ncnc(-c2cnc(C(=O)N3CCC(CC(N)CC)CC3)c(F)c2)c1C#Cc1ccc(N)nc1,0.494705707,,
767,CCCCc1ncnc(-c2ccc(C(=O)N3CCCC(N)C3)cc2F)c1C#Cc1ccc(N)nc1,0.54946655,,
768,CCc1ncnc(-c2cnc(C(=O)N3CCCC(CC)(CC)C3)c(F)c2)c1C#Cc1ccc(N)nc1,0.526977837,,
769,CCCc1ncnc(-c2ccc(C(=O)N3CCC(CC)CC3C)c(F)c2)c1C#Cc1ccc(N)nc1,0.498283595,,
770,CCCc1ncnc(-c2ccc(C(=O)N3CCC(N(C)CCN)CC3)c(F)c2)c1C#Cc1ccc(N)nc1,0.464881808,,
771,CCCc1ncnc(-c2ccc(C(=O)N3CCC(N)CC3)c(F)c2F)c1C#Cc1ccc(N)nc1,0.559172213,,
772,CCCc1ncnc(-c2ccc(C(=O)N3CCCC(C)CC3)c(F)c2C)c1C#Cc1ccc(N)nc1,0.514717579,,
773,CCCc1ncnc(-c2ccc(C(=O)N3CCN(C(C)CC)CC3)nc2)c1C#Cc1ccc(N)nc1,0.536187947,0.6,5
774,CCCc1ncnc(-c2ccc(C(=O)N3CCN(CC(C)CC)CC3)cc2)c1C#Cc1ccc(N)nc1,0.491495222,,
775,CCCc1ncnc(-c2ccc(C(=O)N3CCN(CCC)CC3)cc2F)c1C#Cc1ccc(N)nc1,0.533772707,,
776,CCCc1ncnc(-c2ccc(C(=O)N3CCCN(C)CC3)c(F)c2F)c1C#Cc1ccc(N)nc1,0.563288212,,
777,CC1CCCN(C(=O)c2ccc(-c3ncnc(C(C)C)c3C#Cc3ccc(N)nc3)cc2F)C1,0.578665614,,
778,CCCc1ncnc(-c2ccc(C(=O)N3CCCCCC3C)cc2)c1C#Cc1ccc(N)nc1,0.56938231,,
779,CCCc1ncnc(-c2ccc(C(=O)N3CCC(N(C)C)CC3)cc2C)c1C#Cc1ccc(N)nc1,0.5542835,,
780,CCc1ncnc(-c2ccc(C(=O)N3CCN(C)C(C)C3)c(F)c2)c1C#Cc1ccc(N)nc1,0.607379675,0.6,5
781,CCCc1ncnc(-c2ccc(C(=O)N3CCN(CC(C)CC)CC3)cc2F)c1C#Cc1ccc(N)nc1,0.469966054,,
782,CCc1ncnc(-c2ccc(C(=O)N3CCCC(C(N)CC)C3)c(F)c2F)c1C#Cc1ccc(N)nc1,0.509258866,,
783,CCCc1ncnc(-c2ccc(C(=O)N3CCN(CCC)CC3)c(F)c2C)c1C#Cc1ccc(N)nc1,0.513218343,,
783,CCc1ncnc(-c2ccc(C(=O)N3CCC(CC)N(C)CC3)c(F)c2)c1C#Cc1ccc(N)nc1,0.564984024,0.2,5
784,CCc1ncnc(-c2ccc(C(=O)N3CCCC(CN(C)C)C3)cc2F)c1C#Cc1ccc(N)nc1,0.554319441,,
785,CCCN1CCN(C(=O)c2ccc(-c3ncnc(CC)c3C#Cc3ccc(N)nc3)c(F)c2F)CC1,0.550854862,,
786,CCCN1CCN(C(=O)c2ccc(-c3ncnc(CC)c3C#Cc3ccc(N)nc3)c(C)c2)CC1,0.576302528,,
787,CCCN1CCN(C(=O)c2ccc(-c3ncnc(CC)c3C#Cc3ccc(N)nc3)c(F)c2)CC1,0.57299161,,
787,CCc1ncnc(-c2cnc(C(=O)N3CCCC(CN(C)C)CC3)c(F)c2F)c1C#Cc1ccc(N)nc1,0.514605105,,
788,CCc1ncnc(-c2ccc(C(=O)N3CCN(CCN)CC3)c(C)c2)c1C#Cc1ccc(N)nc1,0.550184727,,
789,CCCC1CCN(C(=O)c2ccc(-c3ncnc(C(C)C)c3C#Cc3ccc(N)nc3)cc2F)CC1,0.486900717,,
790,CCCCC1CCN(C(=O)c2ccc(-c3ncnc(CCC)c3C#Cc3ccc(N)nc3)cc2F)CC1,0.424479723,,
791,CCCc1ncnc(-c2ccc(C(=O)N3CCC(N(C)C(C)C)C3)c(F)c2)c1C#Cc1ccc(N)nc1,0.511443079,,
792,CCc1ncnc(-c2ccc(C(=O)N3CCC(C(C)CN(C)C)CC3)cc2)c1C#Cc1ccc(N)nc1,0.516423225,,
793,CCc1ncnc(-c2ccc(C(=O)N3CCC(CC(C)CC)CC3)nc2)c1C#Cc1ccc(N)nc1,0.508552194,,
794,CCCc1ncnc(-c2ccc(C(=O)N3CCCCC3C(=O)N(C)C)c(F)c2)c1C#Cc1ccc(N)nc1,0.520867109,,
795,CCCc1ncnc(-c2ccc(C(=O)N3CCCN(C(C)C)CC3)c(C)c2)c1C#Cc1ccc(N)nc1,0.528957427,,
796,CCc1ncnc(-c2ccc(C(=O)N3CCC(CCC(C)C)C3)c(F)c2)c1C#Cc1ccc(N)nc1,0.490012407,,
797,CCc1ncnc(-c2ccc(C(=O)N3CC(N)CC(C(C)C)C3)c(F)c2)c1C#Cc1ccc(N)nc1,0.544620037,0.2,4
798,CCc1ncnc(-c2ccc(C(=O)N3CCC(N(C)C(C)C)C3C)c(F)c2)c1C#Cc1ccc(N)nc1,0.529417098,0.2,5
799,CCCCc1ncnc(-c2ccc(C(=O)N3CCC(N)CC3)cc2)c1C#Cc1ccc(N)nc1,0.571598351,,
800,CCCC(N)C1CCCN(C(=O)c2ccc(-c3ncnc(CC)c3C#Cc3ccc(N)nc3)c(F)c2)C1,0.490908414,,
801,CCc1ncnc(-c2ccc(C(=O)N3CCCCC(CN)C3)c(F)c2)c1C#Cc1ccc(N)nc1,0.56309706,0.3,3
802,CCc1ncnc(-c2ccc(C(=O)N3CCCCC3C(=O)N(C)CC)cc2)c1C#Cc1ccc(N)nc1,0.541774452,,
803,CCCc1ncnc(-c2ccc(C(=O)N3CCC(N(C)CC)CC3)cc2F)c1C#Cc1ccc(N)nc1,0.511404932,,
804,CCc1ncnc(-c2cnc(C(=O)N3CCC(N(CC)CC)CC3)c(F)c2)c1C#Cc1ccc(N)nc1,0.515526056,,
805,CCc1ncnc(-c2cnc(C(=O)N3CCCN(C(C)C)CC3)c(F)c2)c1C#Cc1ccc(N)nc1,0.564260185,0.3,4
806,CCCc1ncnc(-c2ccc(C(=O)N3CCN(CC(C)C)CC3)cc2)c1C#Cc1ccc(N)nc1,0.536560237,,
807,CCCc1ncnc(-c2ccc(C(=O)N3CCN(CC(C)C)CC3)cc2C)c1C#Cc1ccc(N)nc1,0.514928818,,
808,CCCCN1CCN(C(=O)c2ccc(-c3ncnc(CCC)c3C#Cc3ccc(N)nc3)cc2)CC1,0.51173234,,
809,CCCCN1CCN(C(=O)c2ccc(-c3ncnc(CCC)c3C#Cc3ccc(N)nc3)c(F)c2)CC1,0.490138471,,
810,CCc1ncnc(-c2ccc(C(=O)N3CCCN(CC)CC3)cc2F)c1C#Cc1ccc(N)nc1,0.585924625,,
811,CCc1ncnc(-c2ccc(C(=O)N3CCN(CCCC(C)C)CC3)c(F)c2)c1C#Cc1ccc(N)nc1,0.469966054,,
812,CCc1ncnc(-c2ccc(C(=O)N3CCCCC3CC(C)C)cc2)c1C#Cc1ccc(N)nc1,0.526340663,,
813,CCc1ncnc(-c2ccc(C(=O)N3CCCC(C(N)CC(C)C)C3)c(F)c2)c1C#Cc1ccc(N)nc1,0.47044614,,
814,CCc1ncnc(-c2ccc(C(=O)N3CCCC(C(N)CC)C3)cc2C)c1C#Cc1ccc(N)nc1,0.53229779,,
815,CCc1ncnc(-c2ccc(C(=O)N3CCCC(CCN(C)C)C3)c(F)c2)c1C#Cc1ccc(N)nc1,0.514499307,0.2,3
816,CCc1ncnc(-c2ccc(C(=O)N3CCCC(CN)CC3)cc2C)c1C#Cc1ccc(N)nc1,0.566251159,,
817,CC(C)CCc1ncnc(-c2ccc(C(=O)N3CCCC(N)C3)c(F)c2)c1C#Cc1ccc(N)nc1,0.530742466,0.6,4
818,CCCCc1ncnc(-c2cc(F)c(C(=O)N3CCCN(C)CC3)c(F)c2)c1C#Cc1ccc(N)nc1,0.530237794,,
819,CCC(=O)N1CCN(C(=O)c2ccc(-c3ncnc(CC)c3C#Cc3ccc(N)nc3)cc2F)C(C)C1,0.551368594,0.7,3
819,CCCCc1ncnc(-c2ccc(C(=O)N3CCC(N)CC3)c(F)c2C)c1C#Cc1ccc(N)nc1,0.529790878,,
820,CCCc1ncnc(-c2cnc(C(=O)N3CCC(C(C)(C)C)CC3)c(F)c2)c1C#Cc1ccc(N)nc1,0.511617362,,
820,CCCc1ncnc(-c2ccc(C(=O)N3CCC(N(C)CCC)CC3)cc2)c1C#Cc1ccc(N)nc1,0.487380028,,
821,CCCc1ncnc(-c2ccc(C(=O)N3CCCN(C)CC3)c(F)c2C)c1C#Cc1ccc(N)nc1,0.566077769,,
821,CCCc1ncnc(-c2cnc(C(=O)N3CCC(N(C)C)CC3)c(F)c2)c1C#Cc1ccc(N)nc1,0.551805317,,
822,CCc1ncnc(-c2ccc(C(=O)N3CCC(CC)(CN(C)C)CC3)c(F)c2)c1C#Cc1ccc(N)nc1,0.490320593,,
823,CCc1ncnc(-c2ccc(C(=O)N3CCCC(CC)CC3)c(F)c2F)c1C#Cc1ccc(N)nc1,0.520795465,,
824,CCC(=O)N(C)C1CCN(C(=O)c2ncc(-c3ncnc(CC)c3C#Cc3ccc(N)nc3)cc2F)CC1,0.518937767,,
825,CCc1ncnc(-c2cnc(C(=O)N3CCCC(N(CC)CC)C3)c(F)c2)c1C#Cc1ccc(N)nc1,0.515526056,,
825,CCc1ncnc(-c2ccc(C(=O)N3CCN(CC(C)CC)CC3)cc2)c1C#Cc1ccc(N)nc1,0.536560237,,
826,CCCc1ncnc(-c2ccc(C(=O)N3CCC(C(C)CC)CC3)cn2)c1C#Cc1ccc(N)nc1,0.508552194,,
827,CCCCc1ncnc(-c2ccc(C(=O)N3CCN(CC(C)C)CC3)c(F)c2)c1C#Cc1ccc(N)nc1,0.469966054,,
828,CCCc1ncnc(-c2ccc(C(=O)N3CCC(N(C)C)CC3)c(F)c2C)c1C#Cc1ccc(N)nc1,0.531250656,,
829,CCc1ncnc(-c2ccc(C(=O)N3CC(C)CC(C)C3)c(F)c2F)c1C#Cc1ccc(N)nc1,0.564900994,,
830,CCc1ncnc(-c2ccc(C(=O)N3CCC(C(C)CC)C3)c(F)c2)c1C#Cc1ccc(N)nc1,0.543984294,0.2,3
831,CCc1ncnc(-c2ccc(C(=O)N3CCC(C(C)CN(C)C)CC3)c(F)c2)c1C#Cc1ccc(N)nc1,0.494485676,0.2,7
832,CCc1ncnc(-c2ccc(C(=O)N3CCC(C(N)CC)C3)c(C)c2)c1C#Cc1ccc(N)nc1,0.553768754,,
833,CCCc1ncnc(-c2ccc(C(=O)N3CCN(CC)CC3)cc2C)c1C#Cc1ccc(N)nc1,0.576302528,,
834,CCc1ncnc(-c2ccc(C(=O)N3CCCC(CC(C)C)C3)c(F)c2)c1C#Cc1ccc(N)nc1,0.507195532,0.2,2
835,CCCc1ncnc(-c2cc(F)c(C(=O)N3CCCC(CC)C3)c(F)c2)c1C#Cc1ccc(N)nc1,0.509300053,,
835,CCc1ncnc(-c2ccc(C(=O)N3CCCC(C)C3)c(F)c2C)c1C#Cc1ccc(N)nc1,0.589399815,,
836,CCCc1ncnc(-c2cc(F)c(C(=O)N3CCCC(CN)CC3)c(F)c2)c1C#Cc1ccc(N)nc1,0.509231091,,
837,CCc1ncnc(-c2ccc(C(=O)N3CCCN(C(C)CN)CC3)c(F)c2)c1C#Cc1ccc(N)nc1,0.516851246,0.6,4
838,CCCC1CCN(C(=O)c2ccc(-c3ncnc(CC)c3C#Cc3ccc(N)nc3)cc2F)C(C)C1,0.498283595,,
839,CCCCN(C)C1CCN(C(=O)c2ccc(-c3ncnc(CC)c3C#Cc3ccc(N)nc3)cc2)C1,0.511763811,,
840,CCc1ncnc(-c2ccc(C(=O)N3CCCC(C(=O)N(C)C)C3)cc2F)c1C#Cc1ccc(N)nc1,0.552016139,,
841,CCc1ncnc(-c2ccc(C(=O)N3CCCC(C(=O)N(C)C)CC3)c(F)c2)c1C#Cc1ccc(N)nc1,0.53412205,0.2,3
842,CCCCc1ncnc(-c2ccc(C(=O)N3CCCC(C)C3)c(C)c2)c1C#Cc1ccc(N)nc1,0.531291187,,
843,CCCC(N)C1CCCN(C(=O)c2ccc(-c3ncnc(CC)c3C#Cc3ccc(N)nc3)c(C)c2)C1,0.490365595,,
844,CCc1ncnc(-c2ccc(C(=O)N3CCCC(C)CC3C)c(F)c2)c1C#Cc1ccc(N)nc1,0.550933838,,
845,CCCCc1ncnc(-c2ccc(C(=O)N3CC(C)CC(N)C3)c(F)c2)c1C#Cc1ccc(N)nc1,0.530742466,0.2,4
846,CCc1ncnc(-c2ccc(C(=O)N3CCCCC3C(C)C)c(F)c2F)c1C#Cc1ccc(N)nc1,0.520888507,,
846,CCCc1ncnc(-c2ccc(C(=O)N3CCC(C)CC3C)cc2)c1C#Cc1ccc(N)nc1,0.577244043,,
847,CCc1ncnc(-c2ccc(C(=O)N3CCCCCC3C(C)C)c(C)c2)c1C#Cc1ccc(N)nc1,0.502231658,,
848,CCc1ncnc(-c2cc(F)c(C(=O)N3CCC(N(C)C)CC3C)c(F)c2)c1C#Cc1ccc(N)nc1,0.542261958,,
849,CCc1ncnc(-c2ccc(C(=O)N3CCN(CC(C)C)CC3)cc2F)c1C#Cc1ccc(N)nc1,0.554319441,,
850,CCCN1CCN(C(=O)c2ccc(-c3ncnc(CC)c3C#Cc3ccc(N)nc3)c(C)c2F)CC1,0.553582847,,
851,CCCCN1CCN(C(=O)c2ccc(-c3ncnc(CC)c3C#Cc3ccc(N)nc3)cc2F)CC1,0.533772707,0.6,5
852,CC(C)CCc1ncnc(-c2ccc(C(=O)N3CCN(C)CC3)c(F)c2)c1C#Cc1ccc(N)nc1,0.554319441,0.6,4
853,CCCC1CCN(C(=O)c2ccc(-c3ncnc(CC)c3C#Cc3ccc(N)nc3)c(F)c2)CC1,0.536596954,,
854,CCCc1ncnc(-c2ccc(C(=O)N3CCCC(N)CC3)c(F)c2F)c1C#Cc1ccc(N)nc1,0.539720118,,
855,CCCc1ncnc(-c2cnc(C(=O)N3CCCC(C)CC3)c(F)c2)c1C#Cc1ccc(N)nc1,0.569726884,,
855,CCc1ncnc(-c2ccc(C(=O)N3CCC(N(C)CC(C)C)C3)c(C)c2)c1C#Cc1ccc(N)nc1,0.514968634,,
856,CCc1ncnc(-c2ccc(C(=O)N3CCC(N(CC)CC)CC3)c(F)c2C)c1C#Cc1ccc(N)nc1,0.48834759,,
857,CCc1ncnc(-c2ccc(C(=O)N3CCCC(C(=O)N(C)C)CC3)cc2)c1C#Cc1ccc(N)nc1,0.555190444,,
858,CCc1ncnc(-c2ccc(C(=O)N3CCCC(C(=O)N(C)CC)C3)cc2)c1C#Cc1ccc(N)nc1,0.542935789,,
859,CCc1ncnc(-c2ccc(C(=O)N3CCCC(C(N)CC(C)C)C3)cc2)c1C#Cc1ccc(N)nc1,0.492155284,,
860,CCc1ncnc(-c2ccc(C(=O)N3CCCCCC3C(=O)N(C)C)cc2)c1C#Cc1ccc(N)nc1,0.554002821,,
861,CCCc1ncnc(-c2ccc(C(=O)N3CCC(CCC)CC3)c(F)c2F)c1C#Cc1ccc(N)nc1,0.45526281,,
862,CCCc1ncnc(-c2ccc(C(=O)N3CCCC(C)(C)CC3)c(F)c2)c1C#Cc1ccc(N)nc1,0.509425163,,
863,CCCc1ncnc(-c2ccc(C(=O)N3CCN(C(CC)CC)CC3)cc2)c1C#Cc1ccc(N)nc1,0.487380028,,
864,CCCN(C)C1CCN(C(=O)c2ccc(-c3ncnc(CC)c3C#Cc3ccc(N)nc3)c(C)c2F)CC1,0.48834759,,
865,CCc1ncnc(-c2ccc(C(=O)N3CCCN(CC)CC3)c(F)c2F)c1C#Cc1ccc(N)nc1,0.563288212,,
866,CCc1ncnc(-c2ccc(C(=O)N3CCN(C(C)C)CC3)c(F)c2C)c1C#Cc1ccc(N)nc1,0.566098154,0.2,4
867,CC(C)Cc1ncnc(-c2ccc(C(=O)N3CCCN(C)CC3)c(F)c2)c1C#Cc1ccc(N)nc1,0.566830993,0.5,8
868,CCCCc1ncnc(-c2ccc(C(=O)N3CCCC(N(C)CC)C3)c(F)c2)c1C#Cc1ccc(N)nc1,0.465336949,,
869,CCc1ncnc(-c2ccc(C(=O)N3CCC(CC(C)C)CC3)c(C)c2)c1C#Cc1ccc(N)nc1,0.5006603,,
870,CCCCc1ncnc(-c2ccc(C(=O)N3CCC(N(C)C)CC3)cc2F)c1C#Cc1ccc(N)nc1,0.511404932,,
871,CCCCc1ncnc(-c2ccc(C(=O)N3CCN(CC(C)C)CC3)cc2F)c1C#Cc1ccc(N)nc1,0.469966054,,
872,CCCCc1ncnc(-c2ccc(C(=O)N3CCN(CC)CC3)cc2C)c1C#Cc1ccc(N)nc1,0.535476029,,
873,CCCc1ncnc(-c2cnc(C(=O)N3CCCCC3C)c(F)c2)c1C#Cc1ccc(N)nc1,0.593213201,,
874,CCc1ncnc(-c2ccc(C(=O)N3CCC(N(C)CC)CC3)c(F)c2C)c1C#Cc1ccc(N)nc1,0.531250656,,
875,CCc1cc(C(=O)N2CCCC(C)C2)ccc1-c1ncnc(CC)c1C#Cc1ccc(N)nc1,0.587375462,,
876,CCc1ncnc(-c2ccc(C(=O)N3CCCC(CN(C)CC)CC3)c(F)c2)c1C#Cc1ccc(N)nc1,0.490320593,,
877,CCc1ncnc(-c2ccc(C(=O)N3CCCN(CC(C)CC)CC3)c(F)c2)c1C#Cc1ccc(N)nc1,0.490320593,,
878,CCc1ncnc(-c2ccc(C(=O)N3CCC(CN(C)C)CC3)cc2)c1C#Cc1ccc(N)nc1,0.576892078,,
878,CCCc1ncnc(-c2ccc(C(=O)N3CCC(C(C)CC)CC3)cc2F)c1C#Cc1ccc(N)nc1,0.452179164,,
879,CCc1ncnc(-c2ccc(C(=O)N3CCN(C)CC3)c(F)c2C)c1C#Cc1ccc(N)nc1,0.607502818,,
880,CCCc1ncnc(-c2ccc(C(=O)N3CCCC(C(=O)N(C)C)C3)c(F)c2)c1C#Cc1ccc(N)nc1,0.522332489,,
881,CCCc1ncnc(-c2ccc(C(=O)N3CCCC(C(=O)N(C)C)C3)cc2)c1C#Cc1ccc(N)nc1,0.542935789,,
882,CCc1ncnc(-c2ccc(C(=O)N3CCCC(N(CC)C(C)C)C3)c(F)c2)c1C#Cc1ccc(N)nc1,0.485549212,,
883,CCc1ncnc(-c2ccc(C(=O)N3CCC(C(N)CN)CC3)cc2F)c1C#Cc1ccc(N)nc1,0.469923794,,
884,CCc1ncnc(-c2cnc(C(=O)N3CCC(CN(C)CC)CC3)c(F)c2)c1C#Cc1ccc(N)nc1,0.516648412,,
885,CCCN(C)C1CCN(C(=O)c2ccc(-c3ncnc(CC)c3C#Cc3ccc(N)nc3)cc2)C1,0.55594027,,
886,CCCCN(C)C1CCN(C(=O)c2ccc(-c3ncnc(CC)c3C#Cc3ccc(N)nc3)cc2F)C1,0.490175128,,
887,CCc1ncnc(-c2ccc(C(=O)N3CCCC(C(C)C)C3C)c(C)c2)c1C#Cc1ccc(N)nc1,0.512067735,,
888,CCc1ncnc(-c2ccc(C(=O)N3CCCC(CN(C)C)C3)cn2)c1C#Cc1ccc(N)nc1,0.573503971,,
889,CCCCc1ncnc(-c2ccc(C(=O)N3CCN(CCC)CC3)c(F)c2C)c1C#Cc1ccc(N)nc1,0.468023509,,
890,CCCc1ncnc(-c2cc(F)c(C(=O)N3CCC(CN)CC3)c(F)c2)c1C#Cc1ccc(N)nc1,0.529318392,,
891,CCCc1ncnc(-c2ccc(C(=O)N3CCC(N(C)C(C)C)C3)cc2)c1C#Cc1ccc(N)nc1,0.533961296,,
892,CCCc1ncnc(-c2ccc(C(=O)N3CCC(N(C)C)CC3)c(C)c2F)c1C#Cc1ccc(N)nc1,0.531250656,,
893,CCCc1ncnc(-c2ccc(C(=O)N3CCCC(C(N)=O)CC3)c(F)c2)c1C#Cc1ccc(N)nc1,0.517336965,,
893,CCCc1ncnc(-c2ccc(C(=O)N3CCCC(CN)CC3)c(F)c2C)c1C#Cc1ccc(N)nc1,0.510009468,,
894,CCCc1ncnc(-c2ccc(C(=O)N3CCCN(CC)CC3)c(F)c2C)c1C#Cc1ccc(N)nc1,0.531215191,,
895,CCc1ncnc(-c2ccc(C(=O)N3CCN(CC(C)C)CC3)c(F)c2C)c1C#Cc1ccc(N)nc1,0.534105539,,
896,CCCc1c(-c2ncnc(CC)c2C#Cc2ccc(N)nc2)ccc(C(=O)N2CCN(CC)CC2)c1F,0.515870988,,
897,CCCCN1CCN(C(=O)c2ccc(-c3ncnc(CC)c3C#Cc3ccc(N)nc3)c(C)c2F)CC1,0.513218343,,
898,CCCCc1ncnc(-c2ccc(C(=O)N3CCCC(C)C3)c(F)c2F)c1C#Cc1ccc(N)nc1,0.509300053,,
899,CCCc1ncnc(-c2ccc(C(=O)N3CCC(C)CC3)cc2C)c1C#Cc1ccc(N)nc1,0.581233025,,
900,CCCc1ncnc(-c2ccc(C(=O)N3CCN(CC(C)C)CC3)cc2F)c1C#Cc1ccc(N)nc1,0.514499307,,
901,CCCCN1CCN(C(=O)c2ccc(-c3ncnc(CCC)c3C#Cc3ccc(N)nc3)cc2)C(C)C1,0.487380028,,
902,CCc1ncnc(-c2ccc(C(=O)N3CCC(N(C)C(C)C)CC3)c(F)c2C)c1C#Cc1ccc(N)nc1,0.505527735,,
903,CCCc1ncnc(-c2ccc(C(=O)N3CCC(N(C)CC)CC3)nc2)c1C#Cc1ccc(N)nc1,0.536187947,,
904,CCc1ncnc(-c2ccc(C(=O)N3CCC(C(N)CC)CC3)c(F)c2)c1C#Cc1ccc(N(C)C)nc1,0.493856817,,
905,CCc1ncnc(-c2ccc(C(=O)N3CCC(CC(C)C)CC3C)c(F)c2)c1C#Cc1ccc(N)nc1,0.468141764,,
906,CCc1ncnc(-c2ccc(C(=O)N3CCC(CN(C)C)C3)c(F)c2)c1C#Cc1ccc(N)nc1,0.573843181,0.7,2
907,CCc1ncnc(-c2ccc(C(=O)N3CCC(N(C)CCC(C)C)C3)cc2)c1C#Cc1ccc(N)nc1,0.491537571,,
908,CCc1ncnc(-c2ccc(C(=O)N3CCCC(C(C)C)CC3)cc2)c1C#Cc1ccc(N)nc1,0.547080517,,
909,CCCC1CCCN(C(=O)c2ccc(-c3ncnc(CC)c3C#Cc3ccc(N)nc3)cc2F)CC1,0.498180687,0.2,2
910,CCc1ncnc(-c2ccc(C(=O)N3CCCCC3CC(C)C)c(F)c2)c1C#Cc1ccc(N)nc1,0.498283595,0.7,3
911,CCC(=O)N1CCN(C(=O)c2ccc(-c3ncnc(CC)c3C#Cc3ccc(N)nc3)cc2CC)CC1,0.543410182,,
912,CCc1ncnc(-c2ccc(C(=O)N3CCN(C(C)C(C)C)CC3)cn2)c1C#Cc1ccc(N)nc1,0.55588758,,
913,CCCc1ncnc(-c2ccc(C(=O)N3CCC(C(C)CC)C3)c(F)c2)c1C#Cc1ccc(N)nc1,0.490012407,,
914,CCCCc1ncnc(-c2ccc(C(=O)N3CCN(C(C)C)CC3)c(F)c2C)c1C#Cc1ccc(N)nc1,0.48834759,,
915,CCCCc1ncnc(-c2ccc(C(=O)N3CCCC(N(C)C)C3)cc2F)c1C#Cc1ccc(N)nc1,0.511404932,,
916,CCCc1ncnc(-c2cnc(C(=O)N3CCC(CN(C)C)CC3)c(F)c2)c1C#Cc1ccc(N)nc1,0.516648412,,
917,CCCc1ncnc(-c2ccc(C(=O)N3CCN(C)CC3)c(C)c2)c1C#Cc1ccc(N)nc1,0.60948205,,
918,CCc1ncnc(-c2ccc(C(=O)N3CCCC(C(=O)N(C)C)CC3)cc2C)c1C#Cc1ccc(N)nc1,0.536558628,,
919,CCCCC(N)C1CCN(C(=O)c2ccc(-c3ncnc(CC)c3C#Cc3ccc(N)nc3)cc2F)CC1,0.446262568,,
919,CCc1ncnc(-c2cc(F)c(C(=O)N3CCC(N(CC)CC)C3)c(F)c2)c1C#Cc1ccc(N)nc1,0.512300611,,
920,CCc1ncnc(-c2ccc(C(=O)N3CCCC(C(C)C)CC3)c(F)c2C)c1C#Cc1ccc(N)nc1,0.484106183,,
921,CCc1ncnc(-c2ccc(C(=O)N3CCCC(C(C)CC)CC3)c(F)c2)c1C#Cc1ccc(N)nc1,0.468035579,,
922,CCc1ncnc(-c2cnc(C(=O)N3CCC(N(CC)CC)C3)c(F)c2)c1C#Cc1ccc(N)nc1,0.533110917,,
923,CCCc1ncnc(-c2ccc(C(=O)N3CCC(CC(C)C)CC3)cc2F)c1C#Cc1ccc(N)nc1,0.452179164,,
924,CCCc1ncnc(-c2ccc(C(=O)N3CCC(N(C)CCC)C3)c(F)c2)c1C#Cc1ccc(N)nc1,0.490175128,,
925,CCCc1ncnc(-c2ccc(C(=O)N3CCCC(CC)C3)c(F)c2F)c1C#Cc1ccc(N)nc1,0.509300053,,
926,CCCc1ncnc(-c2ccc(C(=O)N3CCCC(CN)CC3)c(C)c2)c1C#Cc1ccc(N)nc1,0.532267392,,
