SMILES,pKi IC50 Pi3K,pKi IC50 mTor,Water Solubility,Caco2 permeability,CYP1A2 inhibitor,CYP3A4 inhibitor,Total Clearance
Cc1ncnc(-c2ccc(cc2)C(=O)N2CCN3CCCCC3C2)c1C#Cc1ccc(N)nc1,7.091514981,7.769551079,-3.54,1.377,0,1,
Cc1ncnc(-c2ccc(cc2)C(C)(C)C#N)c1C#Cc1ccc(N)nc1,7.619788758,7.619788758,-3.864,1.302,1,1,0.798
Cc1ncnc(-c2ccc(cc2)S(C)(=O)=O)c1C#Cc1ccc(N)nc1,7.187086643,8.096910013,-3.535,0.274,1,1,0.899
Cc1ncnc(-c2ccc(nc2)C2CC2)c1C#Cc1ccc(N)nc1,7.366531544,7.244125144,-3.168,1.154,1,1,0.752
Cc1ncnc(-c2ccc(nc2)C(F)(F)F)c1C#Cc1ccc(N)nc1,,7.356547324,-3.465,1.27,1,1,0.267
Cc1ncnc(-c2ccc(nc2)N2CCCCC2)c1C#Cc1ccc(N)nc1,7.193820026,6.787812396,-3.303,1.227,1,1,0.653
Cc1ncnc(-c2cccc(c2)C(=O)N2CCOCC2)c1C#Cc1ccc(N)nc1,6.649751982,7.045757491,-3.566,,1,1,0.719
Cc1ncnc(-c2cnc3ccccc3c2)c1C#Cc1ccc(N)nc1,7.522878745,7.119186408,-3.372,1.295,1,1,0.77
Cc1ncnc(-c2ccccc2)c1C#Cc1ccc(N)nc1,7.408935393,7.522878745,-3.274,,1,1,0.752
Cc1ncnc(-c2ccc(cc2)C(=O)N2CCN(CC2)C2CCOCC2)c1C#Cc1ccc(N)nc1,7.187086643,8.522878745,-3.644,,0,1,0.435
Cc1ncnc(-c2ccc(cc2)C(=O)N2CCN(CC2)C2CCS(=O)(=O)C2)c1C#Cc1ccc(N)nc1,6.872895202,8.397940009,-3.548,0.074,0,1,0.027
Cc1ncnc(-c2ccc(cc2)C(=O)N2CCN(CCO)CC2)c1C#Cc1ccc(N)nc1,6.974694135,8.522878745,-3.5,-0.056,0,1,0.427
Cc1ncnc(-c2ccc(cc2)C(=O)N2CCN(CC2)c2ccccc2)c1C#Cc1ccc(N)nc1,7.173925197,8.397940009,-4.422,1.36,0,1,0.681
Cc1cc(ccn1)-c1ncnc(C)c1C#Cc1ccc(N)nc1,7.236572006,7.397940009,-3.224,1.334,1,1,0.803
COc1ccc(cn1)-c1ncnc(C)c1C#Cc1ccc(N)nc1,7.107905397,7.200659451,-2.945,1.369,1,,0.849
Cc1ncnc(-c2ccc(C(=O)N3CC(O)CO3)c(Cl)c2)c1C#Cc1ccc(N)nc1,7.420216403,8.045757491,-3.88,0.547,0,1,
Cc1ccc(cn1)-c1ncnc(C)c1C#Cc1ccc(N)nc1,,7.468521083,-3.202,1.335,1,1,0.785
Cc1ncnc(-c2ccc(C(=O)N3CC(O)CO3)c(F)c2)c1C#Cc1ccc(N)nc1,7.283996656,8.096910013,-3.991,0.113,0,1,0.305
Cc1ncnc(-c2ccc(C(=O)N3CCCCO3)c(F)c2)c1C#Cc1ccc(N)nc1,7.327902142,7.769551079,,0.776,1,0,0.421
Cc1ncnc(-c2ccc(C(=O)N3CCCO3)c(F)c2)c1C#Cc1ccc(N)nc1,7.318758763,8,-3.892,0.714,1,0,0.365
Cc1ncnc(-c2ccc(C(=O)N3CCCO3)c(Cl)c2)c1C#Cc1ccc(N)nc1,7.431798276,7.823908741,-3.857,0.611,1,1,0.335
Cc1ncnc(-c2ccc(Cl)c(c2)C(=O)N2CCOCC2)c1C#Cc1ccc(N)nc1,6.338187314,8.397940009,-3.772,0.612,1,1,0.528
Cc1ncnc(-c2ccc(F)c(c2)C(=O)N2CCCCC2)c1C#Cc1ccc(N)nc1,6.268411235,7.853871964,-3.897,1.406,1,,0.445
Cc1ncnc(-c2ccc(cc2)C(=O)N2CCN(CC2)C2CCCC2)c1C#Cc1ccc(N)nc1,6.903089987,8.397940009,,1.36,0,1,
Cc1ncnc(-c2ccc(F)c(c2)C(=O)N2CCOCC2)c1C#Cc1ccc(N)nc1,6.420216403,7.886056648,-3.832,0.672,0,1,0.4
Cc1ncnc(-c2ccc(Cl)c(c2)C(=O)N2CCCCC2)c1C#Cc1ccc(N)nc1,,7.886056648,,1.38,1,,0.129
Cc1ncnc(-c2ccc(C(=O)N3CCCCO3)c(Cl)c2)c1C#Cc1ccc(N)nc1,7.337242168,7.657577319,-3.992,0.672,0,1,0.197
CON(C)C(=O)c1ccc(cc1Cl)-c1ncnc(C)c1C#Cc1ccc(N)nc1,7.346787486,7.769551079,-4.004,0.857,1,1,
CON(C)C(=O)c1ccc(cc1F)-c1ncnc(C)c1C#Cc1ccc(N)nc1,7.187086643,7.920818754,-3.965,0.893,1,1,0.52
CN(C)C(=O)c1ccc(cc1)-c1ncnc(C)c1C#Cc1ccc(N)nc1,7.065501549,8.301029996,-3.528,1.405,1,1,0.822
CN(C)C(=O)c1ccc(cc1F)-c1ncnc(C)c1C#Cc1ccc(N)nc1,7.327902142,8.698970004,-3.866,1.414,1,1,
CN(C)C(=O)c1cccc(c1)-c1ncnc(C)c1C#Cc1ccc(N)nc1,6.396855627,7.769551079,-3.477,1.408,1,1,0.824
CNC(=O)c1cc(ccc1F)-c1ncnc(C)c1C#Cc1ccc(N)nc1,6.735182177,7.494850022,-3.652,1.104,1,1,0.495
COCCN1CCN(CC1)C(=O)c1ccc(cc1)-c1ncnc(C)c1C#Cc1ccc(N)nc1,6.928117993,8.522878745,-3.74,1.216,0,1,0.455
CNC(=O)c1ccc(cc1Cl)-c1ncnc(C)c1C#Cc1ccc(N)nc1,7.301029996,8.522878745,-3.664,1.188,,1,0.135
CCc1ncnc(-c2ccc(nc2)N(C)C)c1C#Cc1ccc(N)nc1,7.431798276,7.102372909,-3.176,1.233,1,,0.758
CCc1ncnc(-c2ccc(nc2)N2CCOCC2)c1C#Cc1ccc(N)nc1,7.494850022,7.387216143,,1.237,1,1,0.642
CCc1ncnc(-c2ccccc2)c1C#Cc1ccc(N)nc1,7.004364805,7.193820026,-3.536,1.27,1,1,0.787
CCc1ncnc(-c2cccc(c2)C(=O)NC)c1C#Cc1ccc(N)nc1,,7.356547324,-3.542,0.505,1,1,0.758
CCc1ncnc(-c2cnc3ccccc3c2)c1C#Cc1ccc(N)nc1,,,-3.534,1.279,1,1,
CN(C)C(=O)c1cc(Cl)cc(c1)-c1ncnc(C)c1C#Cc1ccc(N)nc1,7.167491087,7.619788758,-3.79,1.426,1,1,0.109
CCc1ncnc(-c2ccnc(OC)c2)c1C#Cc1ccc(N)nc1,,7.468521083,-3.076,1.39,,1,0.895
CN(C)C(=O)c1cc(ccc1F)-c1ncnc(C)c1C#Cc1ccc(N)nc1,6.595166283,8.22184875,-3.723,1.428,1,1,
CCc1ncnc(-c2ccnc(C)c2)c1C#Cc1ccc(N)nc1,7.244125144,7.698970004,-3.057,,1,1,0.842
CCc1ncnc(-c2ccc(nc2)C2CC2)c1C#Cc1ccc(N)nc1,7.537602002,7.494850022,-3.381,1.137,1,1,
CCc1ncnc(-c2ccc(nc2)C(F)(F)F)c1C#Cc1ccc(N)nc1,7.236572006,7.301029996,-3.629,1.253,1,1,0.303
CCc1ncnc(-c2ccc(Cl)c(c2)C(=O)N2CCCCC2)c1C#Cc1ccc(N)nc1,6.22475374,7.552841969,-4.198,1.358,1,,0.148
CCc1ncnc(-c2ccc(F)c(c2)C(=O)N(C)C)c1C#Cc1ccc(N)nc1,6.723538196,,-3.935,1.406,1,1,0.551
CCc1ncnc(-c2ccc(Cl)c(c2)C(=O)NC)c1C#Cc1ccc(N)nc1,7.173925197,7.508638306,-3.799,,1,1,0.15
CCc1ncnc(-c2ccc(F)c(c2)C(=O)N2CCOCC2)c1C#Cc1ccc(N)nc1,6.645891561,7.508638306,-4.032,0.669,0,1,0.436
CCc1ncnc(-c2ccc(OC)nc2)c1C#Cc1ccc(N)nc1,7.397940009,7.292429824,-2.997,1.289,1,1,0.883
CCc1ncnc(-c2ccc(cc2)C(=O)N(C)C)c1C#Cc1ccc(C)nc1,6.863279433,7.537602002,-4.452,1.219,1,1,1.049
CCc1ncnc(-c2ccc(cc2)C(=O)N(C)OC)c1C#Cc1ccc(N)nc1,7.180456064,7.795880017,-4.007,0.419,1,0,0.862
CCc1ncnc(-c2ccc(cc2)C(=O)N2CC(O)CO2)c1C#Cc1ccc(N)nc1,7.408935393,7.920818754,-3.86,0.476,0,1,0.617
CCc1ncnc(-c2ccc(cc2)C(=O)N2CCCCO2)c1C#Cc1ccc(N)nc1,7.113509275,7.886056648,-3.953,0.598,0,,
CCc1ncnc(-c2ccc(cc2)C(=O)N2CCCO2)c1C#Cc1ccc(N)nc1,7.37675071,8,-3.823,0.537,1,1,0.705
CCc1ncnc(-c2ccc(cc2)C(C)(C)C#N)c1C#Cc1ccc(N)nc1,7.585026652,7.619788758,,1.28,1,1,0.834
CCc1ncnc(-c2ccc(cc2)S(C)(=O)=O)c1C#Cc1ccc(C)nc1,7.004364805,7.161150909,-4.377,1.418,1,0,1.126
CCc1ncnc(-c2ccc(cc2)S(C)(=O)=O)c1C#Cc1ccc(N)nc1,7.180456064,7.744727495,-3.769,0.27,1,0,0.934
CCc1ncnc(-c2ccc(nc2)C(=O)N2CCN(C)CC2)c1C#Cc1ccc(N)nc1,6.669586227,7.619788758,-2.807,0.911,0,1,0.395
CCc1ncnc(-c2ccc(C(=O)NCCN3CCOCC3)c(OC)c2)c1C#Cc1ccc(N)nc1,6.926648298,7.660548559,-4.155,0.426,0,1,0.741
CCc1ncnc(-c2ccc(C(=O)NCCOC)c(Cl)c2)c1C#Cc1ccc(N)nc1,6.742321425,8.522878745,-4.356,0.376,1,1,0.363
CCc1ncnc(-c2ccc(Cl)c(c2)C(=O)N(C)C)c1C#Cc1ccc(N)nc1,6.71219827,8.397940009,-3.987,1.38,1,1,0.329
CCc1ncnc(-c2ccc(C)nc2)c1C#Cc1ccc(N)nc1,7.522878745,7.657577319,-3.065,,1,1,0.821
CCc1ncnc(-c2ccc(C(=O)NCC3CCN(C)CC3)c(F)c2)c1C#Cc1ccc(N)nc1,6.518557371,7.552841969,-4.415,0.8,0,1,0.457
CCc1ncnc(-c2ccc(C(=O)NCC3CCNCC3)c(F)c2)c1C#Cc1ccc(N)nc1,7.155026062,8.167491087,-4.286,0.689,0,1,0.548
CCc1ncnc(-c2ccc(C(=O)NCCN3CCCC3=O)c(F)c2)c1C#Cc1ccc(N)nc1,7.337242168,8.301029996,,0.526,0,1,0.538
CCc1ncnc(-c2ccc(C(=O)NCCN3CCNCC3)c(F)c2)c1C#Cc1ccc(N)nc1,6.428058365,7.177570376,-3.882,0.376,0,1,0.568
CCc1ncnc(-c2ccc(C(=O)NCCN3CCOCC3)c(C)c2)c1C#Cc1ccc(N)nc1,7.497026941,8.223298816,,0.552,0,1,0.757
CCc1ncnc(-c2ccc(C(=O)NCCN3CCOCC3)c(Cl)c2)c1C#Cc1ccc(N)nc1,6.945386945,8.420216403,,0.439,0,1,0.724
CCc1ncnc(-c2ccc(C(=O)NCCN3CCOCC3)c(F)c2)c1C#Cc1ccc(N)nc1,7.356547324,8.397940009,-4.258,0.525,0,1,0.682
CCc1ncnc(-c2ccc(C(=O)NC3CCN(C3)C3CCN(C)CC3)c(F)c2)c1C#Cc1ccc(N)nc1,6.431798276,8.15490196,,,0,1,0.474
CCc1ncnc(-c2ccc(C(=O)NC3CCN(CCOC)CC3)c(F)c2)c1C#Cc1ccc(N)nc1,6.872895202,7.958607315,-4.39,0.607,0,1,0.683
CCc1ncnc(-c2ccc(C(=O)NC3CCS(=O)(=O)C3)c(F)c2)c1C#Cc1ccc(N)nc1,7.102372909,8.301029996,-4.158,,0,1,
CCc1ncnc(-c2ccc(C(=O)NCC3(C)COC3)c(Cl)c2)c1C#Cc1ccc(N)nc1,7.180456064,8.155212281,-4.491,,0,1,0.388
CCc1ncnc(-c2ccc(C(=O)NCC3(C)COC3)c(C)c2)c1C#Cc1ccc(N)nc1,6.826522357,7.776244546,-4.37,0.716,0,1,0.68
CCc1ncnc(-c2ccc(C(=O)NCC3(C)COC3)c(F)c2)c1C#Cc1ccc(N)nc1,7.142667504,9,-4.474,0.689,0,1,0.387
CCc1ncnc(-c2ccc(C(=O)NCC3CCCN(C)C3)c(F)c2)c1C#Cc1ccc(N)nc1,6.200659451,7.48148606,-4.521,0.797,0,1,0.395
CCc1ncnc(-c2ccc(C(=O)NCC3CCN(C)C3)c(F)c2)c1C#Cc1ccc(N)nc1,6.474955193,7.48148606,-4.398,0.738,0,1,0.44
CCc1ncnc(-c2ccc(C(=O)NC3CCN(C)CC3)c(F)c2)c1C#Cc1ccc(N)nc1,6.360513511,7.522878745,-4.099,0.787,0,1,0.52
CCc1ncnc(-c2ccc(C(=O)NC3CC(C)(C)N(C)C(C)(C)C3)c(F)c2)c1C#Cc1ccc(N)nc1,6.384049948,7.795880017,-4.544,1.122,0,1,
CCc1ncnc(-c2ccc(C(=O)NC)c(F)c2)c1C#Cc1ccc(N)nc1,6.647817482,8.096910013,-3.944,0.621,1,1,0.495
CCc1ncnc(-c2ccc(C(=O)NC3CC(C)(C)NC(C)(C)C3)c(F)c2)c1C#Cc1ccc(N)nc1,6.565431096,7.744727495,-4.427,1.011,,1,0.281
CCc1ncnc(-c2ccc(C(=O)NC3CC(C3)N3CCC(CC3)N3CCCC3)c(F)c2)c1C#Cc1ccc(N)nc1,6.511449283,8.096910013,,0.955,0,1,0.699
CCc1ncnc(-c2ccc(C(=O)NC3CC(C3)N3CCCC3)c(F)c2)c1C#Cc1ccc(N)nc1,6.801342913,7.958607315,-4.217,0.838,0,1,0.788
CCc1ncnc(-c2ccc(C(=O)NC3CC(C3)N3CCCCC3)c(F)c2)c1C#Cc1ccc(N)nc1,6.360513511,8,-4.315,0.899,0,1,
CCc1ncnc(-c2ccc(C(=O)NC3CC(C3)N3CCN(C)CC3)c(F)c2)c1C#Cc1ccc(N)nc1,6.692503962,8.522878745,-3.956,0.773,0,1,0.587
CCc1ncnc(-c2ccc(C(=O)NC3CCCN(C)C3)c(C)c2)c1C#Cc1ccc(N)nc1,7.194567112,8.46470588,-4.004,0.907,0,1,0.517
CCc1ncnc(-c2ccc(C(=O)NC3CC(C3)N3CCN(O)CC3)c(F)c2)c1C#Cc1ccc(N)nc1,6.454692884,7.886056648,-4.046,0.518,0,1,0.497
CCc1ncnc(-c2ccc(C(=O)NC3CCCN(C)C3)c(Cl)c2)c1C#Cc1ccc(N)nc1,6.292557576,,,0.794,0,1,0.484
CCc1ncnc(-c2ccc(C(=O)NC3CCCN(C)C3)c(F)c2)c1C#Cc1ccc(N)nc1,,7.508638306,-4.219,0.88,0,1,0.442
CCc1ncnc(-c2ccc(C(=O)NC3CCCN(C3)C3CCN(C)CC3)c(F)c2)c1C#Cc1ccc(N)nc1,,7.552841969,-4.148,0.998,0,1,0.387
CCc1ncnc(-c2ccc(C(=O)NC3CCN(C)C3)c(F)c2)c1C#Cc1ccc(N)nc1,6.459670525,7.823908741,-4.069,0.726,0,,0.515
CCc1ncnc(-c2ccc(C(=O)N3CCn4ccnc4C3)c(Cl)c2)c1C#Cc1ccc(N)nc1,7.639028116,9.173925197,,0.805,,1,0.614
CCc1ncnc(-c2ccc(C(=O)N3CCn4ccnc4C3)c(F)c2)c1C#Cc1ccc(N)nc1,7.218460031,8.756961951,-3.094,,0,1,0.57
CCc1ncnc(-c2ccc(C(=O)N3CCn4cnnc4C3)c(F)c2)c1C#Cc1ccc(N)nc1,7.294221787,8.928117993,,1.006,0,1,0.334
CCc1ncnc(-c2ccc(C(=O)N3CCn4cnnc4C3)c(Cl)c2)c1C#Cc1ccc(N)nc1,8.316052869,9.337242168,,0.92,0,1,0.265
CCc1ncnc(-c2ccc(C(=O)NC)c(Cl)c2)c1C#Cc1ccc(C)nc1,6.627087997,7.744727495,-4.651,1.329,1,1,0.2
CCc1ncnc(-c2ccc(C(=O)NC)c(Cl)c2)c1C#Cc1ccc(N)nc1,7.148741651,8.301029996,-3.923,0.535,1,1,0.147
CCc1ncnc(-c2ccc(C(=O)N3CCOCC3)c(F)c2)c1C#Cc1ccc(N)nc1,7.259637311,8.522878745,-4.205,0.842,0,0,0.448
CCc1ncnc(-c2ccc(C(=O)N3CCOCC3)c(F)c2)c1C#Cc1ccc(N)nc1C,,8.096910013,,0.906,0,1,0.416
CCc1ncnc(-c2ccc(C(=O)N3CCS(=O)CC3)c(C)c2)c1C#Cc1ccc(N)nc1,7.201971207,,-3.957,0.795,0,1,0.977
CCc1ncnc(-c2ccc(C(=O)N3CCS(=O)CC3)c(Cl)c2)c1C#Cc1ccc(N)nc1,7.195213358,8.560667306,-4.067,0.682,0,,0.293
CCc1ncnc(-c2ccc(C(=O)N3CCOCC3)c(OC)c2)c1C#Cc1ccc(N)nc1,6.998699067,8.197910742,-4.149,0.758,0,1,0.697
CCc1ncnc(-c2ccc(C(=O)N3CCS(=O)CC3)c(F)c2)c1C#Cc1ccc(N)nc1,7.337242168,8.522878745,-4.093,0.768,0,1,0.649
CCc1ncnc(-c2ccc(C(=O)N3CCc4ncccc4C3)c(F)c2)c1C#Cc1ccc(N)nc1,6.960982678,8.962573502,-3.808,1.291,0,1,0.571
CCc1ncnc(-c2ccc(C(=O)N3CCn4c(C)cnc4C3)c(F)c2)c1C#Cc1ccc(N)nc1,,9.096910013,-3.135,0.919,0,1,0.549
CCc1ncnc(-c2ccc(C(=O)N3CCn4c(C)cnc4C3)c(Cl)c2)c1C#Cc1ccc(N)nc1,7.501000636,9.013228266,-3.178,0.834,0,1,0.594
CCc1ncnc(-c2ccc(C(=O)N3CCn4c(COC)nnc4C3)c(F)c2)c1C#Cc1ccc(N)nc1,6.811915626,8.653647026,-3.944,0.847,,1,0.378
CCc1ncnc(-c2ccc(C(=O)N3CCOC(C)(C)C3)c(F)c2)c1C#Cc1ccc(N)nc1,6.966174306,8.048419655,-4.409,,0,,0.42
CCc1ncnc(-c2ccc(C(=O)N3CCOC4(CCN(CC4)C(=O)OC(C)(C)C)C3)c(F)c2)c1C#Cc1ccc(N)nc1,5.929803229,7.168962514,-4.649,1.04,0,1,-0.274
CCc1ncnc(-c2ccc(C(=O)N3CCOCC3)c(C)c2)c1C#Cc1ccc(N)nc1,7.225848141,8.554395797,-4.03,0.851,0,1,0.775
CCc1ncnc(-c2ccc(C(=O)N3CCOC4(CCNCC4)C3)c(F)c2)c1C#Cc1ccc(N)nc1,,7.942333896,-4.054,1.012,0,1,0.525
CCc1ncnc(-c2ccc(C(=O)N3CCOCC3)c(Cl)c2)c1C#Cc1ccc(N)nc1,7.177374321,9.337242168,-4.154,0.738,0,1,0.545
CCc1ncnc(-c2ccc(C(=O)N3CCNCC3)c(Cl)c2)c1C#Cc1ccc(N)nc1,6.785818691,8.101000729,-3.708,0.603,0,0,0.518
CCc1ncnc(-c2ccc(C(=O)N3CCNCC3)c(F)c2)c1C#Cc1ccc(N)nc1,7.244125144,7.886056648,-3.821,0.688,0,0,0.474
CCc1ncnc(-c2ccc(C(=O)N3CCN(Cc4ncon4)CC3)c(Cl)c2)c1C#Cc1ccc(N)nc1,6.862297833,9.180456064,-3.797,0.559,0,1,0.356
CCc1ncnc(-c2ccc(C(=O)N3CCN(Cc4nc(C)c(C)o4)CC3)c(F)c2)c1C#Cc1ccc(N)nc1,6.774432287,,-4.109,0.878,0,1,0.493
CCc1ncnc(-c2ccc(C(=O)N3CCN(O)CC3)c(Cl)c2)c1C#Cc1ccc(N)nc1,,,,0.554,0,1,0.422
CCc1ncnc(-c2ccc(C(=O)N3CCN(Cc4ncon4)CC3)c(F)c2)c1C#Cc1ccc(N)nc1,6.776426189,9.346787486,-3.839,0.644,0,1,0.311
CCc1ncnc(-c2ccc(C(=O)N3CCN4CCCC4C3)c(Cl)c2)c1C#Cc1ccc(N)nc1,6.835617604,9.004364805,-3.857,1.358,0,1,0.55
CCc1ncnc(-c2ccc(C(=O)N3CCN4CCCC4C3)c(F)c2)c1C#Cc1ccc(N)nc1,6.741292119,8.855707728,-3.932,1.397,0,1,0.504
CCc1ncnc(-c2ccc(C(=O)N3CCN4CCCC4C3)c(OC(F)(F)F)c2)c1C#Cc1ccc(N)nc1,6.804100348,8.030118356,-4.104,0.663,0,1,0.084
CCc1ncnc(-c2ccc(C(=O)N3CCN4CCCCC4C3)c(C)c2)c1C#Cc1ccc(N)nc1,6.538801711,8.107905397,,1.376,0,1,0.538
CCc1ncnc(-c2ccc(C(=O)N3CCN4CCCCC4C3)c(Cl)c2)c1C#Cc1ccc(N)nc1,6.771599641,8.525783736,-3.972,1.366,0,1,
CCc1ncnc(-c2ccc(C(=O)N3CCN4CCCCC4C3)c(F)c2)c1C#Cc1ccc(N)nc1,6.985984146,8.518394199,-4.022,1.405,0,1,0.459
CCc1ncnc(-c2ccc(C(=O)N3CCN4CCCCC4C3)c(OC)c2)c1C#Cc1ccc(N)nc1,6.553618188,7.679023323,-3.954,0.889,0,1,0.521
CCc1ncnc(-c2ccc(C(=O)N3CCNCC3)c(C)c2)c1C#Cc1ccc(N)nc1,7.429924295,7.857610534,,,0,0,0.551
CCc1ncnc(-c2ccc(C(=O)N3CCNC(=O)C3)c(Cl)c2)c1C#Cc1ccc(N)nc1,7.568636236,9.086186148,-3.954,0.528,0,0,0.275
CCc1ncnc(-c2ccc(C(=O)N3CCN4CCCCC4C3)c(F)c2)c1C#Cc1ccc(N)nc1C,6.317854924,8.096910013,,1.417,0,1,0.476
CCc1ncnc(-c2ccc(C(=O)N3CCNC(=O)C3)c(OC)c2)c1C#Cc1ccc(N)nc1,7.721246399,9,-3.948,0.066,0,1,0.481
CCc1ncnc(-c2ccc(C(=O)N3CCN(Cc4ccccc4)CC3)c(F)c2)c1C#Cc1ccc(N)nc1C,5.992679047,8.045757491,-4.77,1.319,0,1,0.472
CCc1ncnc(-c2ccc(C(=O)N3CCN(Cc4ccccc4)CC3)c(OC)c2)c1C#Cc1ccc(N)nc1,6.381638069,8.305394801,-4.777,0.93,0,1,0.518
CCc1ncnc(-c2ccc(C(=O)N3CCN(Cc4nc(C)c(C)o4)CC3)c(Cl)c2)c1C#Cc1ccc(N)nc1,6.897360516,8.823908741,-4.088,0.792,0,,0.539
CCc1ncnc(-c2ccc(C(=O)N3CCN(CCOC)CC3)c(OC)c2)c1C#Cc1ccc(N)nc1,6.872895202,9,,0.535,0,1,0.588
CCc1ncnc(-c2ccc(C(=O)N3CCN(CCOCCO)CC3)c(Cl)c2)c1C#Cc1ccc(N)nc1,6.968753164,8.89279003,-4.148,0.304,0,1,0.679
CCc1ncnc(-c2ccc(C(=O)N3CCN(CCOCCO)CC3)c(F)c2)c1C#Cc1ccc(N)nc1,6.962294687,8.93930216,,0.389,0,1,0.633
CCc1ncnc(-c2ccc(C(=O)N3CCN(Cc4cc(C)no4)CC3)c(Cl)c2)c1C#Cc1ccc(N)nc1,6.957385115,9.408935393,-3.974,0.597,0,1,0.448
CCc1ncnc(-c2ccc(C(=O)N3CCN(Cc4cc(C)no4)CC3)c(F)c2)c1C#Cc1ccc(N)nc1,,8.821023053,-4.001,0.683,0,1,0.402
CCc1ncnc(-c2ccc(C(=O)N3CCN(Cc4ccccc4)CC3)c(Cl)c2)c1C#Cc1ccc(N)nc1,,7.535138019,-4.881,1.257,0,1,0.502
CCc1ncnc(-c2ccc(C(=O)N3CCN(Cc4ccccc4)CC3)c(C)c2)c1C#Cc1ccc(N)nc1,6.958607315,,-4.828,1.267,0,1,0.534
CCc1ncnc(-c2ccc(C(=O)N3CCN(Cc4ccccc4)CC3)c(F)c2)c1C#Cc1ccc(N)nc1,,7.920818754,-4.739,1.308,0,1,
CCc1ncnc(-c2ccc(C(=O)N3CCN(CCN)CC3)c(Cl)c2)c1C#Cc1ccc(N)nc1,6.742801574,8.073143291,-3.637,0.395,0,1,0.412
CCc1ncnc(-c2ccc(C(=O)N3CCN(CCNS(C)(=O)=O)CC3)c(Cl)c2)c1C#Cc1ccc(N)nc1,7.514278574,8.832682665,,,0,1,0.278
CCc1ncnc(-c2ccc(C(=O)N3CCN(CCNS(C)(=O)=O)CC3)c(F)c2)c1C#Cc1ccc(N)nc1,7.089856039,8.946921557,-4.071,0.048,0,1,0.233
CCc1ncnc(-c2ccc(C(=O)N3CCN(CCO)CC3)c(Cl)c2)c1C#Cc1ccc(N)nc1,7.075720714,9.22184875,-3.915,0.378,0,1,0.488
CCc1ncnc(-c2ccc(C(=O)N3CCN(CCO)CC3)c(F)c2)c1C#Cc1ccc(N)nc1,6.962573502,,-4.019,0.464,0,1,0.444
CCc1ncnc(-c2ccc(C(=O)N3CCN(CCO)CC3)c(OC)c2)c1C#Cc1ccc(N)nc1,6.818156412,8.522878745,-3.937,0.38,0,1,0.504
CCc1ncnc(-c2ccc(C(=O)N3CCN(CCOC)CC3)c(F)c2)c1C#Cc1ccc(N)nc1,6.838631998,8.22184875,-4.264,0.619,0,1,0.528
CCc1ncnc(-c2ccc(C(=O)N3CCN(CCN(C)C)CC3)c(OC)c2)c1C#Cc1ccc(N)nc1,6.262807357,,-3.928,0.587,0,1,0.407
CCc1ncnc(-c2ccc(C(=O)N3CCN(CCN(C)C)CC3)c(F)c2)c1C#Cc1ccc(N)nc1,6.344861565,7.795880017,-4.008,0.671,0,1,0.346
CCc1ncnc(-c2ccc(C(=O)N3CCN(CCN(C)C)CC3)c(F)c2)c1C#Cc1ccc(N)nc1C,6.258060922,8.15490196,-4.073,0.735,0,1,0.362
CCc1ncnc(-c2ccc(C(=O)N3CCN(CC4CCCCC4)CC3)c(C)c2)c1C#Cc1ccc(N)nc1,7.042440598,8.910094889,-5.14,1.348,0,1,0.508
CCc1ncnc(-c2ccc(C(=O)N3CCN(CC4CC4)CC3)c(F)c2)c1C#Cc1ccc(N)nc1,6.603800653,8.301029996,-4.6,1.349,0,1,0.664
CCc1ncnc(-c2ccc(C(=O)N3CCN(CC4CC4)CC3)c(Cl)c2)c1C#Cc1ccc(N)nc1,6.641874715,,,1.31,0,1,0.709
CCc1ncnc(-c2ccc(C(=O)N3CCN(CC4CCCCC4)CC3)c(F)c2)c1C#Cc1ccc(N)nc1,5.738737131,7.408935393,-5.098,1.377,0,1,
CCc1ncnc(-c2ccc(C(=O)N3CCN(CC4CCCCC4)CC3)c(F)c2)c1C#Cc1ccc(N)nc1C,5.896538378,7.167491087,,1.388,0,1,0.446
CCc1ncnc(-c2ccc(C(=O)N3CCN(CC4CCCCC4)CC3)c(OC)c2)c1C#Cc1ccc(N)nc1,5.515415471,7.798876103,-5.093,1.174,0,1,0.492
CCc1ncnc(-c2ccc(C(=O)N3CCN(CC4CCCN(C)C4)CC3)c(F)c2)c1C#Cc1ccc(N)nc1,6.725842151,7.920818754,-4.182,0.997,0,1,
CCc1ncnc(-c2ccc(C(=O)N3CCN(CCCS(C)(=O)=O)CC3)c(Cl)c2)c1C#Cc1ccc(N)nc1,7.23462952,8.568636236,-4.698,0.448,0,1,0.323
CCc1ncnc(-c2ccc(C(=O)N3CCN(CC4CCCO4)CC3)c(F)c2)c1C#Cc1ccc(N)nc1C,6.716698771,8.301029996,-4.216,0.895,0,1,0.604
CCc1ncnc(-c2ccc(C(=O)N3CCN(CCCS(C)(=O)=O)CC3)c(F)c2)c1C#Cc1ccc(N)nc1,,,-4.673,0.534,0,1,0.278
CCc1ncnc(-c2ccc(C(=O)N3CCN(CC4CCCO4)CC3)c(F)c2)c1C#Cc1ccc(N)nc1,6.928117993,8.397940009,-4.153,0.831,0,1,
CCc1ncnc(-c2ccc(C(=O)N3CCN(CCN(C)C)CC3)c(Cl)c2)c1C#Cc1ccc(N)nc1C,6.431798276,8.301029996,-4.017,0.649,0,1,0.408
CCc1ncnc(-c2ccc(C(=O)N3CCN(CC3)c3ccccn3)c(F)c2)c1C#Cc1ccc(N)nc1,6.906578315,8.15490196,-4.047,0.828,0,1,0.503
CCc1ncnc(-c2ccc(C(=O)N3CCN(CC3)c3ccncc3)c(Cl)c2)c1C#Cc1ccc(N)nc1,6.68006156,8.007667441,-3.933,0.921,0,1,0.21
CCc1ncnc(-c2ccc(C(=O)N3CCN(CC3)c3ccncc3)c(C)c2)c1C#Cc1ccc(N)nc1,7.341511619,8.019996628,-3.883,1.034,0,1,0.765
CCc1ncnc(-c2ccc(C(=O)N3CCN(CC4CC4)CC3)c(C)c2)c1C#Cc1ccc(N)nc1,7.133830852,7.957424488,-4.498,,0,1,0.742
CCc1ncnc(-c2ccc(C(=O)N3CCN(CC3)c3ccncc3)c(F)c2)c1C#Cc1ccc(N)nc1,6.575118363,8.15490196,-3.919,1.007,0,1,0.537
CCc1ncnc(-c2ccc(C(=O)N3CCN(CC3)S(=O)(=O)CC)c(C)c2)c1C#Cc1ccc(N)nc1,7.201418405,8.605548319,-4.382,,0,1,
CCc1ncnc(-c2ccc(C(=O)N3CCN(CC3)S(=O)(=O)CC)c(Cl)c2)c1C#Cc1ccc(N)nc1,7.403732874,9.443697499,-4.448,,0,1,0.425
CCc1ncnc(-c2ccc(C(=O)N3CCN(CC3)S(=O)(=O)CC)c(F)c2)c1C#Cc1ccc(N)nc1,7.283996656,8.301029996,,0.484,0,1,0.722
CCc1ncnc(-c2ccc(C(=O)N3CCN(CC3)S(=O)(=O)CC)c(OC)c2)c1C#Cc1ccc(N)nc1,7.443697499,8.698970004,-4.353,0.4,0,1,0.982
CCc1ncnc(-c2ccc(C(=O)N3CCN(CC3)S(=O)(=O)CC)c(F)c2)c1C#Cc1ccc(N)nc1C,7.036212173,8.045757491,-4.467,0.548,0,1,0.69
CCc1ncnc(-c2ccc(C(=O)N3CCN(CC3)c3ccccc3)c(C)c2)c1C#Cc1ccc(N)nc1,6.795337488,8.501689446,-4.814,1.349,0,,0.736
CCc1ncnc(-c2ccc(C(=O)N3CCN(CC3)c3ccccc3)c(Cl)c2)c1C#Cc1ccc(N)nc1,7.050609993,8.301029996,,1.339,0,1,0.234
CCc1ncnc(-c2ccc(C(=O)N3CCN(CC3)c3ccccc3)c(F)c2)c1C#Cc1ccc(N)nc1,6.701146924,8,-4.665,1.4,0,1,0.507
CCc1ncnc(-c2ccc(C(=O)N3CCN(CC3)c3ccccc3)c(F)c2)c1C#Cc1ccc(N)nc1C,6.302770657,7.585026652,-4.71,1.411,0,1,0.475
CCc1ncnc(-c2ccc(C(=O)N3CCN(CC3)c3ccccn3)c(C)c2)c1C#Cc1ccc(N)nc1,,7.767257937,-4.013,0.855,0,1,0.731
CCc1ncnc(-c2ccc(C(=O)N3CCN(CC3)c3ccccn3)c(Cl)c2)c1C#Cc1ccc(N)nc1,6.928117993,8.522878745,-4.07,0.742,0,,0.214
CCc1ncnc(-c2ccc(C(=O)N3CCN(CC3)C3COC3)c(F)c2)c1C#Cc1ccc(N)nc1,6.946537395,8.560667306,-3.965,0.733,0,1,
CCc1ncnc(-c2ccc(C(=O)N3CCN(CC3)C3COC3)c(Cl)c2)c1C#Cc1ccc(N)nc1,6.923359556,8.372634143,-3.858,0.647,0,1,0.729
CCc1ncnc(-c2ccc(C(=O)N3CCN(CC3)C3COC3)c(F)c2)c1C#Cc1ccc(N)nc1C,6.81417464,7.770574152,-4.035,0.796,0,1,0.701
CCc1ncnc(-c2ccc(C(=O)N3CCN(CC3)OC)c(F)c2)c1C#Cc1ccc(N)nc1,7.086186148,8.045757491,-4.197,,0,1,
CCc1ncnc(-c2ccc(C(=O)N3CCN(CC3)C3CCOCC3)c(F)c2)c1C#Cc1ccc(N)nc1,6.896196279,8.522878745,-4.106,0.855,0,1,0.453
CCc1ncnc(-c2ccc(C(=O)N3CCN(CC3)C3CCOCC3)c(F)c2)c1C#Cc1ccc(N)nc1C,6.66756154,8.522878745,-4.17,0.919,0,1,0.47
CCc1ncnc(-c2ccc(C(=O)N3CCN(CC3)C3CCS(=O)(=O)C3)c(C)c2)c1C#Cc1ccc(N)nc1,6.795337488,8.850780887,-3.83,0.612,0,1,0.123
CCc1ncnc(-c2ccc(C(=O)N3CCN(CC3)C3CCS(=O)(=O)C3)c(Cl)c2)c1C#Cc1ccc(N)nc1,6.91721463,,-3.909,0.499,0,1,0.091
CCc1ncnc(-c2ccc(C(=O)N3CCN(CC3)C3CCOCC3)c(F)c2)c1C#Cc1ccc(NC)nc1,6.446845452,8.26520017,-4.319,,0,1,
CCc1ncnc(-c2ccc(C(=O)N3CCN(CC3)C3CCS(=O)(=O)C3)c(OC)c2)c1C#Cc1ccc(N)nc1,,8.140261434,-3.922,0.501,0,,0.107
CCc1ncnc(-c2ccc(C(=O)N3CCN(CC3)C3CCOCC3)c(OC)c2)c1C#Cc1ccc(N)nc1,6.91721463,9,-4.029,,0,1,0.515
CCc1ncnc(-c2ccc(C(=O)N3CCN(CC3)C3CCS(=O)(=O)C3)c(F)c2)c1C#Cc1ccc(N)nc1,7.022276395,8.397940009,-4,0.585,0,1,0.045
CCc1ncnc(-c2ccc(C(=O)N3CCN(CC3)C3CCS(=O)(=O)C3)c(F)c2)c1C#Cc1ccc(N)nc1C,6.749579998,8.15490196,-4.057,0.649,0,1,0.062
CCc1ncnc(-c2ccc(C(=O)N3CCN(CC3)C3CCC3)c(F)c2)c1C#Cc1ccc(N)nc1,6.540306024,9.327902142,-4.073,1.38,0,1,0.665
CCc1ncnc(-c2ccc(C(=O)N3CCN(CC3)C3CCCC3)c(Cl)c2)c1C#Cc1ccc(N)nc1,,8.397940009,-4.132,1.349,0,1,0.571
CCc1ncnc(-c2ccc(C(=O)N3CCN(CC3)C3CCCC3)c(C)c2)c1C#Cc1ccc(N)nc1,6.813608784,8.73754891,-4.028,1.359,0,1,0.604
CCc1ncnc(-c2ccc(C(=O)N3CCN(CC3)C3CCCC3)c(F)c2)c1C#Cc1ccc(N)nc1,6.821023053,8.22184875,-4.159,,0,1,0.525
CCc1ncnc(-c2ccc(C(=O)N3CCN(CC3)C3CCCC3)c(OC)c2)c1C#Cc1ccc(N)nc1,6.38563016,8.166215625,,0.888,0,1,0.587
CCc1ncnc(-c2ccc(C(=O)N3CCN(CC3)C3CCN(C)CC3)c(F)c2)c1C#Cc1ccc(N)nc1,6.70333481,8.698970004,-3.877,0.917,0,,
CCc1ncnc(-c2ccc(C(=O)N3CCN(CC3)C3CCCC3O)c(F)c2)c1C#Cc1ccc(N)nc1,6.862645889,9.167491087,-4.015,0.699,0,1,0.475
CCc1ncnc(-c2ccc(C(=O)N3CCN(CC3)C3CCOCC3)c(C)c2)c1C#Cc1ccc(N)nc1,7.073709013,8.804100348,-3.954,0.882,0,,
CCc1ncnc(-c2ccc(C(=O)N3CCN(CC3)C3CCCC3O)c(Cl)c2)c1C#Cc1ccc(N)nc1,7.243211801,8.88941029,-3.932,0.614,0,1,0.521
CCc1ncnc(-c2ccc(C(=O)N3CCN(CC3)C3CCOCC3)c(Cl)c2)c1C#Cc1ccc(N)nc1,7.013228266,9.055517328,-4.05,0.77,0,1,0.499
CCc1ncnc(-c2ccc(C(=O)N3CCN(CC3)C3CCOCC3)c(Cl)c2)c1C#Cc1ccc(NC)nc1,6.791827473,8.714442691,-4.293,,0,1,0.475
CCc1ncnc(-c2ccc(C(=O)N3CCN(CC3)C(C)C)c(OC)c2)c1C#Cc1ccc(N)nc1,6.675717545,8.698970004,-4.788,0.923,0,1,0.547
CCc1ncnc(-c2ccc(C(=O)N3CCN(CC3)C(C)C)c(c2)C(F)(F)F)c1C#Cc1ccc(N)nc1,6.554551486,8.565431096,-4.918,1.403,0,1,0.313
CCc1ncnc(-c2ccc(C(=O)N3CCN(CC3)C(C)CO)c(Cl)c2)c1C#Cc1ccc(N)nc1,7.11850122,8.774690718,-4.023,0.439,0,1,0.51
CCc1ncnc(-c2ccc(C(=O)N3CCN(CC3)C(C)CO)c(F)c2)c1C#Cc1ccc(N)nc1,6.673664139,8.899629455,-4.104,0.525,0,1,0.465
CCc1ncnc(-c2ccc(C(=O)N3CCN(CC3)C(C)COC)c(Cl)c2)c1C#Cc1ccc(N)nc1,6.914317057,9.036212173,-4.321,0.595,0,1,0.54
CCc1ncnc(-c2ccc(C(=O)N3CCN(CC3)C(F)(F)F)c(Cl)c2)c1C#Cc1ccc(N)nc1,6.301899454,7.744727495,-4.178,,0,1,0.07
CCc1ncnc(-c2ccc(C(=O)N3CCN(CC3)C(C)COC)c(F)c2)c1C#Cc1ccc(N)nc1,6.657972312,,-4.348,0.68,0,1,0.495
CCc1ncnc(-c2ccc(C(=O)N3CCN(CC3)C(NC#N)=NC)c(F)c2)c1C#Cc1ccc(N)nc1,,8.096910013,-3.278,0.482,0,0,-0.137
CCc1ncnc(-c2ccc(C(=O)N3CCN(CC3)C3CC3)c(Cl)c2)c1C#Cc1ccc(N)nc1,7.187086643,9.004364805,-3.908,1.332,0,1,0.727
CCc1ncnc(-c2ccc(C(=O)N3CCN(CC3)C3CC3)c(F)c2)c1C#Cc1ccc(N)nc1,6.896196279,8.522878745,,1.371,,1,0.682
CCc1ncnc(-c2ccc(C(=O)N3CCN(CC3)C3CC3)c(OC)c2)c1C#Cc1ccc(N)nc1,7.22184875,8.698970004,-3.906,0.766,0,1,0.743
CCc1ncnc(-c2ccc(C(=O)N3CCN(CC3)C3CC3)c(F)c2)c1C#Cc1ccc(N)nc1C,6.505845406,8.397940009,-4.06,1.383,0,1,0.698
CCc1ncnc(-c2ccc(C(=O)N3CCN(CC3)C3CCC3)c(Cl)c2)c1C#Cc1ccc(N)nc1,7.316592701,9.244125144,-4.023,1.34,0,1,0.71
CCc1ncnc(-c2ccc(C(=O)N3CCN(CC3)C(C)C)c(F)c2)c1C#Cc1ccc(N)nc1,6.70333481,8.22184875,-4.815,1.393,0,1,0.487
CCc1ncnc(-c2ccc(C(=O)N3CCN(CC3)C(C)C)c(OC(F)(F)F)c2)c1C#Cc1ccc(N)nc1,6.275642196,7.674279142,,0.759,0,1,0.062
CCc1ncnc(-c2ccc(C(=O)N3CCN(CC(F)F)CC3)c(Cl)c2)c1C#Cc1ccc(N)nc1,6.752026734,8.698970004,-4.237,1.387,0,1,0.39
CCc1ncnc(-c2ccc(C(=O)N3CCN(CC(F)F)CC3)c(F)c2)c1C#Cc1ccc(N)nc1,7.065501549,9,-4.261,1.399,0,1,0.345
CCc1ncnc(-c2ccc(C(=O)N3CCN(CC(F)F)CC3)c(OC)c2)c1C#Cc1ccc(N)nc1,7.200659451,8.698970004,-4.183,,0,1,0.404
CCc1ncnc(-c2ccc(C(=O)N3CCN(CC(F)F)CC3)c(Cl)c2)c1C#Cc1ccc(NC)nc1,6.449038248,8.328827157,-4.508,1.382,0,1,0.365
CCc1ncnc(-c2ccc(C(=O)N3CCN(CC(F)F)CC3)c(F)c2)c1C#Cc1ccc(N)nc1C,6.787812396,8.522878745,-4.336,1.411,0,,0.361
CCc1ncnc(-c2ccc(C(=O)N3CCN(CC3)C(C)(C)C)c(OC)c2)c1C#Cc1ccc(N)nc1,6.600326279,8.522878745,-4.942,1.094,0,1,0.441
CCc1ncnc(-c2ccc(C(=O)N3CCN(CC3)C(C)=O)c(F)c2)c1C#Cc1ccc(N)nc1,7.207608311,8.22184875,,0.691,0,1,0.554
CCc1ncnc(-c2ccc(C(=O)N3CCN(CC3)C(C)=O)c(OC)c2)c1C#Cc1ccc(N)nc1,7.13667714,8.698970004,-4.143,,0,1,
CCc1ncnc(-c2ccc(C(=O)N3CCN(CC3)C(C)(C)O)c(Cl)c2)c1C#Cc1ccc(N)nc1,6.995678626,8.301029996,-4.036,0.492,0,1,0.349
CCc1ncnc(-c2ccc(C(=O)N3CCN(CC3)C(C)C)c(Cl)c2)c1C#Cc1ccc(N)nc1,6.609064893,9.075720714,-4.832,1.386,0,1,0.532
CCc1ncnc(-c2ccc(C(=O)N3CCN(CC3)C(C)=O)c(Cl)c2)c1C#Cc1ccc(N)nc1,,8.698970004,-4.178,0.605,0,1,0.377
CCc1ncnc(-c2ccc(C(=O)N3CCN(CC3)C(C)=O)c(C)c2)c1C#Cc1ccc(N)nc1,,8.015022874,-4.069,0.718,0,1,0.813
CCc1ncnc(-c2ccc(C(=O)N3CCN(CC3)C(C)(C)C)c(Cl)c2)c1C#Cc1ccc(N)nc1,6.360513511,8.698970004,-4.989,1.41,,1,0.426
CCc1ncnc(-c2ccc(C(=O)N3CCN(CC3)C(C)=O)c(F)c2)c1C#Cc1ccc(N)nc1C,6.835647144,8.397940009,-4.289,0.754,0,1,0.522
CCc1ncnc(-c2ccc(C(=O)N3CCN(CC(=O)N(C)C)CC3)c(F)c2)c1C#Cc1ccc(N)nc1C,6.910094889,8.698970004,-4.166,0.58,0,1,0.332
CCc1ncnc(-c2ccc(C(=O)N3CCN(CC(C)(C)O)CC3)c(F)c2)c1C#Cc1ccc(N)nc1,6.755846627,8.987162775,-4.149,,0,1,0.327
CCc1ncnc(-c2ccc(C(=O)N3CCN(CC(C)O)CC3)c(F)c2)c1C#Cc1ccc(N)nc1,6.915423722,8.806875402,-4.064,,0,1,0.383
CCc1ncnc(-c2ccc(C(=O)N3CCN(CC(C)O)CC3)c(Cl)c2)c1C#Cc1ccc(N)nc1,7.032452024,8.651695137,-3.977,0.449,0,1,0.428
CCc1ncnc(-c2ccc(C(=O)N3CCN(CC(F)(F)F)CC3)c(F)c2)c1C#Cc1ccc(N)nc1,6.876148359,,-4.275,1.439,,1,0.106
CCc1ncnc(-c2ccc(C(=O)N3CCN(CC(F)(F)F)CC3)c(OC)c2)c1C#Cc1ccc(N)nc1,7.091514981,8.397940009,-4.205,0.568,0,1,0.165
CCc1ncnc(-c2ccc(C(=O)N3CCN(C)C(C)C3)c(F)c2)c1C#Cc1ccc(N)nc1,6.804100348,8.096910013,-4.049,1.408,0,1,0.41
CCc1ncnc(-c2ccc(C(=O)N3CCN(C)CC3)c(F)c2)c1C#Cc1ccc(N)nc1,6.66756154,8.698970004,-3.947,1.4,0,0,0.395
CCc1ncnc(-c2ccc(C(=O)N3CCN(C)CC3)c(Cl)c2)c1C#Cc1ccc(NC)nc1,6.476643793,,-4.153,1.383,,1,0.416
CCc1ncnc(-c2ccc(C(=O)N3CCN(C)CC3)c(F)c2)c1C#Cc1ccc(N)nc1C,,8.096910013,-4.035,1.411,0,0,0.411
CCc1ncnc(-c2ccc(C(=O)N3CCN(C)CC3)c(F)c2)c1C#Cc1ccc(NC)nc1,6.511308302,8.327902142,-4.2,1.394,0,1,0.372
CCc1ncnc(-c2ccc(C(=O)N3CCN(C)CC3)c(OC(F)(F)F)c2)c1C#Cc1ccc(N)nc1,6.650334016,7.851705903,-4.165,0.551,0,1,-0.026
CCc1ncnc(-c2ccc(C(=O)N3CCN(C)CC3)c(OC)c2)c1C#Cc1ccc(N)nc1,6.663540266,8.698970004,-3.878,0.715,0,1,0.455
CCc1ncnc(-c2ccc(C(=O)N3CCN(C)CC3)c(c2)C(F)(F)F)c1C#Cc1ccc(N)nc1,6.759950228,8.053056729,-3.964,,0,1,0.224
CCc1ncnc(-c2ccc(C(=O)N3CCN(C)CC3C)c(Cl)c2)c1C#Cc1ccc(N)nc1,6.826844525,8.398472672,-4.001,1.426,0,1,0.364
CCc1ncnc(-c2ccc(C(=O)N3CCN(CC(=O)N(C)C)CC3)c(F)c2)c1C#Cc1ccc(N)nc1,6.93930216,8.15490196,-4.105,0.516,0,1,0.316
CCc1ncnc(-c2ccc(C(=O)N3CCN(CC#C)CC3)c(F)c2)c1C#Cc1ccc(N)nc1,6.813043665,8.603800653,,1.356,0,1,0.393
CCc1ncnc(-c2ccc(C(=O)N3CCN(C)CC3C)c(F)c2)c1C#Cc1ccc(N)nc1,6.687949649,8.364390626,-4.08,1.436,0,1,0.319
CCc1ncnc(-c2ccc(C(=O)N3CCN(C)C(=O)C3)c(F)c2)c1C#Cc1ccc(N)nc1,6.93930216,8.698970004,-4.149,,0,1,0.445
CCc1ncnc(-c2ccc(C(=O)N3CCCOCC3)c(F)c2)c1C#Cc1ccc(N)nc1,7.30980392,8.698970004,-4.266,0.899,0,1,0.501
CCc1ncnc(-c2ccc(C(=O)N3CCN(C)C(C)(C)C3)c(F)c2)c1C#Cc1ccc(N)nc1,6.463441557,,-4.147,1.417,0,1,0.412
CCc1ncnc(-c2ccc(C(=O)N3CCCO3)c(OC)c2)c1C#Cc1ccc(N)nc1,6.804377056,8.052566278,-4.064,0.627,0,0,0.65
CCc1ncnc(-c2ccc(C(=O)N3CCCOCC3)c(C)c2)c1C#Cc1ccc(N)nc1,,8.380906669,-4.138,0.926,,1,0.828
CCc1ncnc(-c2ccc(C(=O)N3CCCO3)c(F)c2)c1C#Cc1ccc(N)nc1,7.096910013,8.301029996,-4.087,0.711,1,0,
CCc1ncnc(-c2ccc(C(=O)N3CCCOCC3)c(Cl)c2)c1C#Cc1ccc(N)nc1,7.186018924,8.320118058,-4.26,,0,1,0.402
CCc1ncnc(-c2ccc(C(=O)N3CCCC(O)C3)c(OC)c2)c1C#Cc1ccc(N)nc1,6.982132281,7.925915311,-4.22,0.681,0,1,0.639
CCc1ncnc(-c2ccc(C(=O)N3CCCC3CO)c(F)c2)c1C#Cc1ccc(N)nc1,6.895536914,8.301029996,-4.42,0.668,0,1,0.387
CCc1ncnc(-c2ccc(C(=O)N3CCCCC3)c(Cl)c2)c1C#Cc1ccc(N)nc1,6.962573502,8.698970004,-4.34,1.362,0,,0.145
CCc1ncnc(-c2ccc(C(=O)N3CCCCC3)c(F)c2)c1C#Cc1ccc(N)nc1C,,8.397940009,-4.376,1.395,0,1,0.458
CCc1ncnc(-c2ccc(C(=O)N3CCCCO3)c(F)c2)c1C#Cc1ccc(N)nc1,6.978810701,7.958607315,-4.188,0.772,0,0,0.456
CCc1ncnc(-c2ccc(C(=O)N3CCCN(C)CC3)c(C)c2)c1C#Cc1ccc(N)nc1,7.160710544,7.844663963,-3.861,1.359,0,1,0.412
CCc1ncnc(-c2ccc(C(=O)N3CCCN(C)CC3)c(Cl)c2)c1C#Cc1ccc(N)nc1,6.392437757,7.655804284,-3.987,,0,1,
CCc1ncnc(-c2ccc(C(=O)N3CCCN(C)CC3)c(F)c2)c1C#Cc1ccc(N)nc1,,7.769551079,-4.038,1.361,0,1,0.334
CCc1ncnc(-c2ccc(C(=O)N3CCCO3)c(Cl)c2)c1C#Cc1ccc(N)nc1,7.268572413,9.568636236,-4.096,0.607,0,0,0.354
CCc1ncnc(-c2ccc(C(=O)N3CCCO3)c(C)c2)c1C#Cc1ccc(N)nc1,6.836838625,8.616184634,-3.984,,0,0,0.728
CCc1ncnc(-c2ccc(C(=O)N3CCCC(C3)N(C)C)c(Cl)c2)c1C#Cc1ccc(N)nc1,6.560983272,7.907981529,-4.258,1.379,0,1,0.448
CCc1ncnc(-c2ccc(C(=O)N3CCCC(C3)N(C)C)c(C)c2)c1C#Cc1ccc(N)nc1,6.761702932,7.891434976,-4.131,1.389,0,1,0.481
CCc1ncnc(-c2ccc(C(=O)N3CCCC(C3)N(C)C)c(OC)c2)c1C#Cc1ccc(N)nc1,6.687399561,7.053154886,-4.22,0.776,0,,
CCc1ncnc(-c2ccc(C(=O)N3CCCC(O)C3)c(C)c2)c1C#Cc1ccc(N)nc1,7.280088936,8.57024772,-4.153,0.774,0,1,0.717
CCc1ncnc(-c2ccc(C(=O)N3CCCC(O)C3)c(Cl)c2)c1C#Cc1ccc(N)nc1,7.186919639,8.512861625,-4.274,,0,1,0.281
CCc1ncnc(-c2ccc(C(=O)N3CCCC(O)C3)c(F)c2)c1C#Cc1ccc(N)nc1,7.193820026,8.22184875,-4.308,0.765,0,1,0.425
CCc1ncnc(-c2ccc(C(=O)N3CCC4(CCN(C)CC4)CC3)c(OC)c2)c1C#Cc1ccc(N)nc1,6.336959025,7.291409155,-4.287,1.103,0,1,0.44
CCc1ncnc(-c2ccc(C(=O)N3CCC4(CCN(C)CC4)CC3)c(C)c2)c1C#Cc1ccc(N)nc1,,7.837435593,-4.232,1.454,,1,0.456
CCc1ncnc(-c2ccc(C(=O)N3CCC4(CN(C)C4)CC3)c(Cl)c2)c1C#Cc1ccc(N)nc1,6.197684749,8.314258261,-4.163,1.378,,1,0.363
CCc1ncnc(-c2ccc(C(=O)N3CCC4(CCN(C)CC4)CC3)c(Cl)c2)c1C#Cc1ccc(N)nc1,6.303119628,7.493359694,-4.332,1.444,0,1,0.423
CCc1ncnc(-c2ccc(C(=O)N3CCC4(CN(C)C4)CC3)c(F)c2)c1C#Cc1ccc(N)nc1,6.480421371,8.152427341,-4.229,1.415,0,1,0.317
CCc1ncnc(-c2ccc(C(=O)N3CCC4(CN(C4)C(=O)OC(C)(C)C)C3)c(F)c2)c1C#Cc1ccc(N)nc1,6.074822034,8.014573526,-4.801,0.791,0,1,-0.399
CCc1ncnc(-c2ccc(C(=O)N3CCC4(CNC4)C3)c(F)c2)c1C#Cc1ccc(N)nc1,6.029155876,7.866141875,-3.962,0.806,0,1,0.581
CCc1ncnc(-c2ccc(C(=O)N3CCC4(CNC4)CC3)c(Cl)c2)c1C#Cc1ccc(N)nc1,7.042296958,8.097453221,-4.008,0.798,0,1,0.602
CCc1ncnc(-c2ccc(C(=O)N3CCC4(CNC4)CC3)c(F)c2)c1C#Cc1ccc(N)nc1,6.616005211,7.981299501,-4.103,0.883,0,1,0.557
CCc1ncnc(-c2ccc(C(=O)N3CCC4(COC4)CC3)c(F)c2)c1C#Cc1ccc(N)nc1,6.748848657,8.832682665,-4.348,0.945,0,1,0.371
CCc1ncnc(-c2ccc(C(=O)N3CCC4(CC3)OCCCO4)c(C)c2)c1C#Cc1ccc(N)nc1,7.168450148,8.293282218,-4.295,0.915,0,1,0.337
CCc1ncnc(-c2ccc(C(=O)N3CCC4(CCN(C)C4)C3)c(Cl)c2)c1C#Cc1ccc(N)nc1,6.2892059,7.396963944,-4.117,1.365,0,1,0.368
CCc1ncnc(-c2ccc(C(=O)N3CCC4(CC3)OCCCO4)c(Cl)c2)c1C#Cc1ccc(N)nc1,7.043591429,8.058488567,-4.383,0.802,0,1,0.506
CCc1ncnc(-c2ccc(C(=O)N3CCC4(CCN(C)C4)C3)c(C)c2)c1C#Cc1ccc(N)nc1,6.383524486,8.345823458,-4.006,1.375,0,1,0.401
CCc1ncnc(-c2ccc(C(=O)N3CCC4(CCN(C)C4)C3)c(OC)c2)c1C#Cc1ccc(N)nc1,6.179404503,7.269621531,-4.114,0.987,0,1,0.384
CCc1ncnc(-c2ccc(C(=O)N3CCC(O)(CC3)c3ccccc3)c(F)c2)c1C#Cc1ccc(N)nc1,,8.096910013,-4.094,1.221,0,1,
CCc1ncnc(-c2ccc(C(=O)N3CCC(O)(CN(C)C)CC3)c(F)c2)c1C#Cc1ccc(N)nc1,6.327902142,7.552841969,-4.168,0.615,0,1,0.315
CCc1ncnc(-c2ccc(C(=O)N3CCC(O)C3)c(C)c2)c1C#Cc1ccc(N)nc1,7.033493374,7.7961202,-4.027,0.713,0,1,0.713
CCc1ncnc(-c2ccc(C(=O)N3CCC(O)C3)c(Cl)c2)c1C#Cc1ccc(N)nc1,7.235524973,8.550633297,-4.151,0.6,0,1,0.329
CCc1ncnc(-c2ccc(C(=O)N3CCC(O)C3)c(F)c2)c1C#Cc1ccc(N)nc1,7.202638027,8.849485002,-4.213,0.704,0,1,0.421
CCc1ncnc(-c2ccc(C(=O)N3CCC(O)CC3)c(C)c2)c1C#Cc1ccc(N)nc1,7.108741383,8.164309429,-4.049,0.784,0,1,0.71
CCc1ncnc(-c2ccc(C(=O)N3CCC(O)CC3)c(Cl)c2)c1C#Cc1ccc(N)nc1,7.276626433,8.552841969,-4.172,0.671,0,1,0.276
CCc1ncnc(-c2ccc(C(=O)N3CCC(O)CC3)c(F)c2)c1C#Cc1ccc(N)nc1,7.070581074,9,-4.205,0.757,0,1,0.418
CCc1ncnc(-c2ccc(C(=O)N3CCC4(C3)CCN(CC4)C(=O)OC(C)(C)C)c(F)c2)c1C#Cc1ccc(N)nc1,5.867641036,8.149966742,-4.739,,0,1,
CCc1ncnc(-c2ccc(C(=O)N3CCC4(C3)CCNCC4)c(F)c2)c1C#Cc1ccc(N)nc1,,7.59311933,-4.128,1.021,0,1,0.44
CCc1ncnc(-c2ccc(C(=O)N3CCC4(CC(N)C4)CC3)c(F)c2)c1C#Cc1ccc(N)nc1,5.885559164,8.225483034,-4.241,0.862,0,1,0.439
CCc1ncnc(-c2ccc(C(=O)N3CCC4(CC(C4)NC(=O)OC(C)(C)C)CC3)c(F)c2)c1C#Cc1ccc(N)nc1,6.44421655,8.011441043,-4.997,0.911,0,1,-0.348
CCc1ncnc(-c2ccc(C(=O)N3CCC4(CC3)CN(CCO4)C(=O)OC(C)(C)C)c(F)c2)c1C#Cc1ccc(N)nc1,6.384839336,8.049635146,-4.797,0.918,0,1,-0.281
CCc1ncnc(-c2ccc(C(=O)N3CCC4(CC3)CNCCO4)c(F)c2)c1C#Cc1ccc(N)nc1,6.40795655,,-4.081,,0,1,0.533
CCc1ncnc(-c2ccc(C(=O)N3CCC(O)(CC)CC3)c(F)c2)c1C#Cc1ccc(N)nc1,6.57024772,8.397940009,-4.644,0.806,,1,0.739
CCc1ncnc(-c2ccc(C(=O)N3CCC(O)(CC3)C(C)C)c(F)c2)c1C#Cc1ccc(N)nc1,,8.15490196,-4.815,0.873,0,1,0.28
CCc1ncnc(-c2ccc(C(=O)N3CCC(O)(CC3)C(F)(F)F)c(F)c2)c1C#Cc1ccc(N)nc1,6.48945499,7.769551079,-4.457,0.672,0,1,0.194
CCc1ncnc(-c2ccc(C(=O)N3CCC(CN(C)C)CC3)c(F)c2)c1C#Cc1ccc(N)nc1,6.323032186,7.610302452,-4.426,1.372,0,1,0.265
CCc1ncnc(-c2ccc(C(=O)N3CCC(CN(C)C)CC3)c(F)c2)c1C#Cc1ccc(N)nc1C,6.168130226,6.839231438,,1.383,0,1,0.281
CCc1ncnc(-c2ccc(C(=O)N3CCC(F)(F)CC3)c(F)c2)c1C#Cc1ccc(N)nc1,6.804653942,7.676541633,-4.405,1.426,0,1,0.479
CCc1ncnc(-c2ccc(C(=O)N3CCC(CC3)N3CCOCC3)c(Cl)c2)c1C#Cc1ccc(NC)nc1,6.487715937,9.167491087,-4.385,1.333,0,1,0.558
CCc1ncnc(-c2ccc(C(=O)N3CCC(CC3)N3CCOCC3)c(F)c2)c1C#Cc1ccc(NC)nc1,6.5592483,8.507239611,-4.416,1.372,0,1,0.512
CCc1ncnc(-c2ccc(C(=O)N3CCC(CC3)N3CCOCC3)c(F)c2)c1C#Cc1ccc(N)nc1,6.630784143,8.698970004,-4.196,0.85,0,,0.536
CCc1ncnc(-c2ccc(C(=O)N3CCC(CC3)N3CCOCC3)c(OC(F)(F)F)c2)c1C#Cc1ccc(N)nc1,6.447940466,7.553929064,,0.602,0,1,0.113
CCc1ncnc(-c2ccc(C(=O)N3CCC(CC3)OC)c(C)c2)c1C#Cc1ccc(N)nc1,6.551139154,7.960982678,-4.287,0.926,0,1,0.864
CCc1ncnc(-c2ccc(C(=O)N3CCC(CC3)OC)c(Cl)c2)c1C#Cc1ccc(N)nc1,7.027982401,8.214670165,,0.813,0,1,0.383
CCc1ncnc(-c2ccc(C(=O)N3CCC(CCO)CC3)c(F)c2)c1C#Cc1ccc(N)nc1,6.903089987,8.22184875,-4.701,0.769,0,1,0.478
CCc1ncnc(-c2ccc(C(=O)N3CCC(CN(C)C)CC3)c(Cl)c2)c1C#Cc1ccc(N)nc1,6.351737594,7.400444409,-4.445,1.361,0,1,0.311
CCc1ncnc(-c2ccc(C(=O)N3CCC(CC3)N3CCOCC3)c(OC)c2)c1C#Cc1ccc(N)nc1,6.834458923,7.903785415,-4.145,0.766,0,1,0.582
CCc1ncnc(-c2ccc(C(=O)N3CCC(CC3)N3CCN(C)CC3)c(F)c2)c1C#Cc1ccc(N)nc1,,8.522878745,-3.98,0.903,0,1,0.347
CCc1ncnc(-c2ccc(C(=O)N3CCC(CC3)N3CCN(C)CC3)c(OC)c2)c1C#Cc1ccc(N)nc1,7.013855535,7.991399828,-3.925,0.819,0,1,0.393
CCc1ncnc(-c2ccc(C(=O)N3CCC(CC3)N3CCN(C)CC3)c(F)c2)c1C#Cc1ccc(NC)nc1,6.398591939,8.55129368,-4.173,1.374,,1,0.322
CCc1ncnc(-c2ccc(C(=O)N3CCC(CC3)N3CCN(CC3)C3CCN(C)CC3)c(F)c2)c1C#Cc1ccc(N)nc1,,8.698970004,-3.714,0.979,0,1,0.252
CCc1ncnc(-c2ccc(C(=O)N3CCC(CC3)N3CCOCC3)c(Cl)c2)c1C#Cc1ccc(N)nc1,,8.962573502,-4.135,0.765,,1,
CCc1ncnc(-c2ccc(C(=O)N3CCC(CC3)N3CCOCC3)c(C)c2)c1C#Cc1ccc(N)nc1,6.748118545,8.46470588,-4.034,,0,1,0.615
CCc1ncnc(-c2ccc(C(=O)N3CCC(CC3)N3CCN(C)CC3)c(C)c2)c1C#Cc1ccc(N)nc1,6.512861625,8.315154638,-3.793,0.929,0,1,0.426
CCc1ncnc(-c2ccc(C(=O)N3CCC(CC3)N3CCN(C)CC3)c(Cl)c2)c1C#Cc1ccc(NC)nc1,6.735654493,6.558147824,-4.109,1.344,,1,
CCc1ncnc(-c2ccc(C(=O)N3CCC(CC3)N3CCN(C)CC3)c(Cl)c2)c1C#Cc1ccc(N)nc1,6.864549301,8.928117993,-3.889,0.817,0,1,0.393
CCc1ncnc(-c2ccc(C(=O)N3CCC(CC3)N(C)C)c(Cl)c2)c1C#Cc1ccc(N)nc1,6.363562256,7.525055665,-4.25,1.332,0,1,0.462
CCc1ncnc(-c2ccc(C(=O)N3CCC(CC3)N(C)C)c(F)c2)c1C#Cc1ccc(N)nc1,6.459670525,7.795880017,-4.282,1.344,0,1,0.417
CCc1ncnc(-c2ccc(C(=O)N3CCC(CC3)N3CCCC3)c(F)c2)c1C#Cc1ccc(N)nc1,,7.769551079,-4.249,1.341,0,1,0.549
CCc1ncnc(-c2ccc(C(=O)N3CCC(CC3)N(C)C)c(OC)c2)c1C#Cc1ccc(N)nc1,6.531062194,7.478992748,-4.238,0.771,,1,0.461
CCc1ncnc(-c2ccc(C(=O)N3CCC(CC3)N3CCCCC3)c(F)c2)c1C#Cc1ccc(N)nc1,6.30980392,8.301029996,-4.334,1.349,0,1,0.501
CCc1ncnc(-c2ccc(C(=O)N3CCC(CC3)N3CCCCC3)c(Cl)c2)c1C#Cc1ccc(N)nc1,6.332080315,8.22184875,-4.328,1.31,0,1,0.547
CCc1ncnc(-c2ccc(C(=O)N3CCC(CC3)N3CCCCC3)c(OC)c2)c1C#Cc1ccc(N)nc1,6.464832515,7.48945499,,0.945,0,1,0.547
CCc1ncnc(-c2ccc(C(=O)N3CCC(CC3)N3CCCCCC3)c(Cl)c2)c1C#Cc1ccc(N)nc1,6.376699011,7.366733589,-4.428,1.318,0,1,0.499
CCc1ncnc(-c2ccc(C(=O)N3CCC(CC3)N3CCCCCC3)c(OC)c2)c1C#Cc1ccc(N)nc1,6.596536299,7.296794629,,1.006,0,1,0.499
CCc1ncnc(-c2ccc(C(=O)N3CCC(CC3)N3CCCC3)c(Cl)c2)c1C#Cc1ccc(N)nc1,6.330543647,7.843450849,-4.22,1.301,0,1,0.595
CCc1ncnc(-c2ccc(C(=O)N3CCC(CC3)N3CCCCC3)c(C)c2)c1C#Cc1ccc(N)nc1,7.084547398,8.455931956,-4.223,1.32,0,1,0.58
CCc1ncnc(-c2ccc(C(=O)N3CCC(CC3)N3CCCCCC3)c(C)c2)c1C#Cc1ccc(N)nc1,6.63432486,7.937794191,-4.329,1.328,0,1,0.532
CCc1ncnc(-c2ccc(C(=O)N3CCC(CC3)N3CCCC3)c(C)c2)c1C#Cc1ccc(N)nc1,6.800519085,7.924088239,-4.109,1.311,0,,0.627
CCc1ncnc(-c2ccc(C(=O)N3CCC(CC3)N3CCCCCC3)c(F)c2)c1C#Cc1ccc(N)nc1,,7.619788758,-4.412,1.357,0,1,0.452
CCc1ncnc(-c2ccc(C(=O)N3CCC(CC3)N(C)C)c(C)c2)c1C#Cc1ccc(N)nc1,7.143029567,,-4.122,,0,1,0.495
CCc1ncnc(-c2ccc(C(=O)N3CCC(CC3)C3CCN(C)CC3)c(C)c2)c1C#Cc1ccc(N)nc1,6.456801414,7.136558171,-4.477,1.454,0,1,
CCc1ncnc(-c2ccc(C(=O)N3CCC(CC3)C3CCN(C)CC3)c(Cl)c2)c1C#Cc1ccc(N)nc1,6.42695425,8.155212281,-4.571,1.444,0,,0.296
CCc1ncnc(-c2ccc(C(=O)N3CCC(CC3)C(C)(C)O)c(OC(F)(F)F)c2)c1C#Cc1ccc(N)nc1,6.573163546,7.876801925,-4.808,0.618,0,1,-0.026
CCc1ncnc(-c2ccc(C(=O)N3CCC(CC3)C(C)(C)O)c(OC)c2)c1C#Cc1ccc(N)nc1,,7.945004138,-4.559,0.782,0,1,0.304
CCc1ncnc(-c2ccc(C(=O)N3CCC(CC3)C(F)(F)F)c(F)c2)c1C#Cc1ccc(N)nc1C,6.189095719,7.568636236,-4.755,1.472,0,,0.117
CCc1ncnc(-c2ccc(C(=O)N3CCC(CC3)C(C)(C)O)c(c2)C(F)(F)F)c1C#Cc1ccc(N)nc1,6.846490011,7.938547521,-4.726,0.689,0,1,-0.024
CCc1ncnc(-c2ccc(C(=O)N3CCC(C3)N3CCC(C)CC3)c(C)c2)c1C#Cc1ccc(N)nc1,6.699404516,7.98254927,-4.334,1.364,0,1,0.519
CCc1ncnc(-c2ccc(C(=O)N3CCC(C3)N3CCC(C)CC3)c(OC)c2)c1C#Cc1ccc(N)nc1,6.237997031,7.124533584,-4.374,1.005,0,1,0.502
CCc1ncnc(-c2ccc(C(=O)N3CCC(C3)N3CCC(C)CC3)c(Cl)c2)c1C#Cc1ccc(N)nc1,6.633017024,8.749579998,-4.438,1.354,,1,0.486
CCc1ncnc(-c2ccc(C(=O)N3CCC(C3)N3CCC(C)CC3)c(F)c2)c1C#Cc1ccc(N)nc1,6.504455662,7.886056648,-4.44,1.393,0,1,0.44
CCc1ncnc(-c2ccc(C(=O)N3CCC(C3)N3CCCC3)c(F)c2)c1C#Cc1ccc(N)nc1,6.645891561,,-4.169,1.38,0,1,0.565
CCc1ncnc(-c2ccc(C(=O)N3CCC(C3)N3CCOCC3)c(F)c2)c1C#Cc1ccc(N)nc1,6.806875402,8.096910013,-4.148,0.794,0,1,0.552
CCc1ncnc(-c2ccc(C(=O)N3CCC(CC3)C(C)(C)O)c(C)c2)c1C#Cc1ccc(N)nc1,7.103198302,8.438898616,-4.541,0.893,0,1,0.286
CCc1ncnc(-c2ccc(C(=O)N3CCC(CC3)C(C)(C)O)c(Cl)c2)c1C#Cc1ccc(NC)nc1,6.69572495,8.46470588,-4.939,1.383,0,1,
CCc1ncnc(-c2ccc(C(=O)N3CCC(CC3)C(C)(C)O)c(Cl)c2)c1C#Cc1ccc(N)nc1,6.997402019,,-4.648,0.781,0,1,0.103
CCc1ncnc(-c2ccc(C(=O)N3CCC(CC3)C(C)(C)O)c(F)c2)c1C#Cc1ccc(N)nc1,6.769551079,9,-4.588,0.866,0,1,0.23
CCc1ncnc(-c2ccc(C(=O)N3CCC(CC3)C(C)(C)O)c(F)c2)c1C#Cc1ccc(NC)nc1,6.474955193,8.284832642,-4.849,1.402,0,1,0.264
CCc1ncnc(-c2ccc(C(=O)N3CC4CCN(C4C3)C(=O)OC(C)(C)C)c(F)c2)c1C#Cc1ccc(N)nc1,6.82240579,8.301029996,-4.585,0.98,,1,-0.269
CCc1ncnc(-c2ccc(C(=O)N3CC4CCNC4C3)c(F)c2)c1C#Cc1ccc(N)nc1,6.183460432,7.57626275,-3.934,0.887,0,1,0.459
CCc1ncnc(-c2ccc(C(=O)N3CC4CN(CC4C3)C(=O)OC(C)(C)C)c(F)c2)c1C#Cc1ccc(N)nc1,6.623715104,8.353596274,-4.572,0.763,0,1,0.37
CCc1ncnc(-c2ccc(C(=O)N3CC4CNCC4C3)c(F)c2)c1C#Cc1ccc(N)nc1,6.221147207,7.48704892,-4.107,,0,0,0.393
CCc1ncnc(-c2ccc(C(=O)N3CCC(C)(O)CC3)c(C)c2)c1C#Cc1ccc(N)nc1,,8.179142011,-4.108,,0,1,
CCc1ncnc(-c2ccc(C(=O)N3CCC(C3)N(C)C)c(C)c2)c1C#Cc1ccc(N)nc1,6.79051815,8.10770693,-3.999,1.381,0,1,0.519
CCc1ncnc(-c2ccc(C(=O)N3CCC(C3)N(C)C)c(Cl)c2)c1C#Cc1ccc(N)nc1,6.758630026,8.238261674,-4.131,1.371,0,1,0.486
CCc1ncnc(-c2ccc(C(=O)N3CCC(C3)N(C)C)c(Cl)c2)c1C#Cc1ccc(NC)nc1,6.729554092,8.541615158,-4.421,1.366,0,1,0.463
CCc1ncnc(-c2ccc(C(=O)N3CCC(C3)N(C)C)c(OC)c2)c1C#Cc1ccc(N)nc1,6.637948941,7.339778126,-4.117,0.714,0,1,0.501
CCc1ncnc(-c2ccc(C(=O)N3CCC(C3)N(C)C)c(OC(F)(F)F)c2)c1C#Cc1ccc(N)nc1,6.395990068,7.255941834,-4.413,0.55,0,1,0.018
CCc1ncnc(-c2ccc(C(=O)N3CCC(C3)N(C)C)c(F)c2)c1C#Cc1ccc(N)nc1,6.718574134,8.180202504,-4.193,1.383,0,1,0.441
CCc1ncnc(-c2ccc(C(=O)N3CCC(C)(O)CC3)c(Cl)c2)c1C#Cc1ccc(N)nc1,7.114101899,8.225483034,-4.226,0.826,0,1,0.203
CCc1ncnc(-c2ccc(C(=O)N3CCC(C3)N(C)C)c(F)c2)c1C#Cc1ccc(NC)nc1,6.58401232,8.333324735,-4.451,1.377,0,1,0.418
CCc1ncnc(-c2ccc(C(=O)N3CC(O)CO3)c(F)c2)c1C#Cc1ccc(N)nc1,7.193820026,8.15490196,-4.169,0.665,0,0,0.34
CCc1ncnc(-c2ccc(C(=O)N3CC(O)CO3)c(OC)c2)c1C#Cc1ccc(N)nc1,7.127610612,8.177831921,-4.083,0.581,0,1,0.564
CCc1ncnc(-c2ccc(C(=O)N3CC4(CN(C)C4)C3)c(Cl)c2)c1C#Cc1ccc(N)nc1,6.015022874,8.216811309,-3.877,1.297,,1,0.4
CCc1ncnc(-c2ccc(C(=O)N3CC4(CN(C)C4)C3)c(F)c2)c1C#Cc1ccc(N)nc1,6.540004744,8.008330993,-3.975,1.336,0,0,0.355
CCc1ncnc(-c2ccc(C(=O)N3CC4(CNC4)C3)c(Cl)c2)c1C#Cc1ccc(N)nc1,6.483596852,7.878440156,-3.732,0.648,0,0,0.642
CCc1ncnc(-c2ccc(C(=O)N3CC4CC3CN4C)c(F)c2)c1C#Cc1ccc(N)nc1,6.477295007,7.679645967,,,0,0,
CCc1ncnc(-c2ccc(C(=O)N3CC4(CNC4)C3)c(F)c2)c1C#Cc1ccc(N)nc1,6.598944274,7.817870786,-3.862,0.733,0,0,0.598
CCc1ncnc(-c2ccc(C(=O)N(C)OC)c(F)c2)c1C#Cc1ccc(N)nc1,7.200659451,8.15490196,-4.314,0.57,1,0,
CCc1ncnc(-c2ccc(C(=O)N(C)OC)c(OC)c2)c1C#Cc1ccc(N)nc1,7.158765704,8.191789027,-4.331,0.509,0,1,0.808
CCc1ncnc(-c2ccc(C(=O)N3C4CC3N4C)c(F)c2)c1C#Cc1ccc(N)nc1,6.477555766,7.677780705,-3.59,1.288,0,1,0.933
CCc1ncnc(-c2ccc(C(=O)N3CC(O)CO3)c(C)c2)c1C#Cc1ccc(N)nc1,6.971022295,8.739928612,-4.005,0.656,0,0,0.642
CCc1ncnc(-c2ccc(C(=O)N3CC(O)CO3)c(Cl)c2)c1C#Cc1ccc(N)nc1,7.054088483,9.096910013,-4.107,0.544,,0,0.342
CCc1ncnc(-c2ccc(C(=O)N3CC(C)NC(C)C3)c(F)c2)c1C#Cc1ccc(N)nc1,6.735182177,7.585026652,-4.017,0.803,0,1,0.344
CCc1ncnc(-c2ccc(C(=O)N(C)CCO)c(Cl)c2)c1C#Cc1ccc(N)nc1,7.443697499,9,-4.351,0.39,0,1,0.455
CCc1ncnc(-c2ccc(C(=O)N(C)CCO)c(F)c2)c1C#Cc1ccc(N)nc1,6.869666232,8.698970004,-4.423,,0,1,0.526
CCc1ncnc(-c2ccc(C(=O)N(C)CCOC)c(Cl)c2)c1C#Cc1ccc(N)nc1,7.200659451,8.698970004,-4.536,0.486,0,1,
CCc1ncnc(-c2ccc(C(=O)N(C)CCOC)c(F)c2)c1C#Cc1ccc(N)nc1,6.987162775,8.698970004,,0.59,0,1,0.639
CCc1ncnc(-c2ccc(C(=O)N(C)O)c(C)c2)c1C#Cc1ccc(N)nc1,6.625068446,7.561615893,-3.98,0.565,1,,0.781
CCc1ncnc(-c2ccc(C(=O)N(C)OC)c(C)c2)c1C#Cc1ccc(N)nc1,7.286677495,8.542118103,-4.138,0.58,,0,0.884
CCc1ncnc(-c2ccc(C(=O)N(C)O)c(F)c2)c1C#Cc1ccc(N)nc1,7.37675071,8.397940009,-4.18,0.556,0,0,0.489
CCc1ncnc(-c2ccc(C(=O)N(C)O)c(Cl)c2)c1C#Cc1ccc(N)nc1,7.172501492,7.771214799,-4.113,0.453,1,1,0.255
CCc1ncnc(-c2ccc(C(=O)N(C)OC)c(Cl)c2)c1C#Cc1ccc(N)nc1,7.301290651,8.863279433,-4.274,0.467,1,0,0.387
CCc1ncnc(-c2ccc(C(=O)N(C)CCN3CCCC3=O)c(F)c2)c1C#Cc1ccc(N)nc1,7.259637311,7.853871964,-4.419,0.637,0,1,0.619
CCc1ncnc(-c2ccc(C(=O)N(C)CCN3CCCC3=O)c(OC)c2)c1C#Cc1ccc(N)nc1,7.055517328,7.802443787,-4.323,0.537,0,1,0.8
CCc1ncnc(-c2ccc(C(=O)N(C)CCN3CCCC3=O)c(Cl)c2)c1C#Cc1ccc(N)nc1,7.248720896,8.356547324,-4.416,0.551,0,1,0.396
CCc1ncnc(-c2ccc(C(=O)N(C)CCN3CCCC3=O)c(C)c2)c1C#Cc1ccc(N)nc1,6.604498876,7.814741235,-4.309,0.664,0,,0.878
CCc1ncnc(-c2ccc(C(=O)N(C)C3CCOCC3)c(F)c2)c1C#Cc1ccc(N)nc1,7.015382687,8.806875402,-4.473,0.942,0,1,0.585
CCc1ncnc(-c2ccc(C(=O)N(C)C3CCS(=O)(=O)C3)c(C)c2)c1C#Cc1ccc(N)nc1,7.433916216,9.036212173,-4.163,0.769,0,1,
CCc1ncnc(-c2ccc(C(=O)N(C)C3CCS(=O)(=O)C3)c(Cl)c2)c1C#Cc1ccc(N)nc1,7.317043074,8.578396073,,0.656,0,1,0.42
CCc1ncnc(-c2ccc(C(=O)N(C)C3CCS(=O)(=O)C3)c(F)c2)c1C#Cc1ccc(N)nc1,7.229147988,9,,0.742,0,1,0.54
CCc1ncnc(-c2ccc(C(=O)N(C)CC(C)(C)O)c(F)c2)c1C#Cc1ccc(N)nc1,7.075720714,8.397940009,-4.541,0.608,0,1,0.484
CCc1ncnc(-c2ccc(C(=O)N(C)C3CCS(=O)(=O)C3)c(OC)c2)c1C#Cc1ccc(N)nc1,,,-4.221,0.642,,1,0.8
CCc1ncnc(-c2ccc(C(=O)N(C)CC3CCCN(C)C3)c(F)c2)c1C#Cc1ccc(N)nc1,,,-4.647,1.415,0,1,0.256
CCc1ncnc(-c2ccc(C(=O)N(C)CC3CCN(C)CC3)c(F)c2)c1C#Cc1ccc(N)nc1,6.469800302,,-4.538,1.354,0,1,0.319
CCc1ncnc(-c2ccc(C(=O)N(C)CCC3(O)CCCC3)c(F)c2)c1C#Cc1ccc(N)nc1,7.167491087,8.301029996,,0.671,0,1,0.361
CCc1ncnc(-c2ccc(C(=O)N(C)CCCN(C)C)c(F)c2)c1C#Cc1ccc(N)nc1,6.228412519,7.48148606,-4.618,1.283,0,1,0.448
CCc1ncnc(-c2ccc(C(=O)N(C)CCCOC)c(F)c2)c1C#Cc1ccc(N)nc1,7.107905397,8.522878745,-4.752,0.619,0,1,0.714
CCc1ncnc(-c2ccc(C(=O)N(C)CCCO)c(F)c2)c1C#Cc1ccc(N)nc1,7.236572006,9,-4.621,0.436,0,1,0.598
CCc1ncnc(-c2ccc(C(=O)N(C)CCCOC)c(Cl)c2)c1C#Cc1ccc(N)nc1,7.167491087,8.522878745,-4.852,0.533,,1,0.431
CCc1ncnc(-c2ccc(C(=O)N(C)CCN(C)C)c(F)c2)c1C#Cc1ccc(N)nc1,6.395773947,7.522878745,-4.401,,0,1,0.414
CCc1ncnc(-c2ccc(C(=O)N(C)C)c(F)c2)c1C#Cc1ccc(N)nc1,7.244125144,8.698970004,-4.099,1.392,1,1,0.562
CCc1ncnc(-c2ccc(C(=O)N(C)C3CCN(C)CC3)c(F)c2)c1C#Cc1ccc(N)nc1,6.241088108,,-4.231,1.37,0,1,0.425
CCc1ncnc(-c2ccc(C(=O)C3CCC(C)(O)CC3)c(F)c2)c1C#Cc1ccc(N)nc1,6.958607315,8.698970004,-4.511,0.829,0,1,0.301
CCc1ncnc(-c2ccc(C(=O)N(C)C)c(F)c2)c1C#Cc1ccc(C)nc1,6.653647026,7.721246399,-4.674,1.302,1,1,0.87
CCc1ncnc(-c2cc(F)c(C(=O)NCCN3CCOCC3)c(F)c2)c1C#Cc1ccc(N)nc1,6.812197361,8.42136079,-4.543,,0,1,0.508
CCc1ncnc(-c2cc(F)c(C(=O)N3CCn4ccnc4C3)c(Cl)c2)c1C#Cc1ccc(N)nc1,7.738023809,9.292429824,-3.121,0.944,0,1,0.463
CCc1ncnc(-c2cc(F)c(C(=O)N3CCn4ccnc4C3)c(F)c2)c1C#Cc1ccc(N)nc1,7.150949309,,-3.064,1.033,0,1,0.395
CCc1ncnc(-c2cc(F)c(C(=O)N3CCn4cnnc4C3)c(Cl)c2)c1C#Cc1ccc(N)nc1,7.425852936,9.229147988,-3.957,,0,1,
CCc1ncnc(-c2cc(F)c(C(=O)N3CCn4cnnc4C3)c(F)c2)c1C#Cc1ccc(N)nc1,7.066563332,9.050609993,-3.898,1.144,,1,0.171
CCc1ncnc(-c2cc(F)c(C(=O)NC)c(F)c2)c1C#Cc1ccc(N)nc1,7.187086643,8.465973894,-4.34,0.764,0,1,0.335
CCc1ncnc(-c2cc(F)c(C(=O)NCC3CCNCC3)c(F)c2)c1C#Cc1ccc(N)nc1,6.309272456,7.407157317,-4.589,0.845,0,1,0.374
CCc1ncnc(-c2cc(F)c(C(=O)NCCN3CCNCC3)c(F)c2)c1C#Cc1ccc(N)nc1,6.787013815,7.765482716,-4.206,0.557,0,1,0.393
CCc1ncnc(-c2cc(F)c(C(=O)N3CCNCC3)c(F)c2)c1C#Cc1ccc(N)nc1,6.45259454,,-4.2,0.831,0,0,0.301
CCc1ncnc(-c2cc(F)c(C(=O)N3CCN4CCCC4C3)c(F)c2)c1C#Cc1ccc(NC)nc1,6.235674394,8.600326279,-4.399,1.417,0,1,0.306
CCc1ncnc(-c2cc(F)c(C(=O)N3CCn4c(C)cnc4C3)c(Cl)c2)c1C#Cc1ccc(N)nc1,6.912573543,8.653647026,-3.17,0.973,0,1,0.442
CCc1ncnc(-c2cc(F)c(C(=O)N3CCn4c(C)cnc4C3)c(F)c2)c1C#Cc1ccc(N)nc1,,8.756961951,-3.114,1.062,0,1,0.373
CCc1ncnc(-c2cc(F)c(C(=O)N3CCn4c(COC)nnc4C3)c(F)c2)c1C#Cc1ccc(N)nc1,6.445995679,7.63601217,-3.921,0.986,0,1,0.215
CCc1ncnc(-c2cc(F)c(C(=O)N3CCN(CCN)CC3)c(Cl)c2)c1C#Cc1ccc(N)nc1,6.278436682,8.170053304,-3.972,0.534,0,1,
CCc1ncnc(-c2cc(F)c(C(=O)N3CCN(CCNS(C)(=O)=O)CC3)c(Cl)c2)c1C#Cc1ccc(N)nc1,6.940436582,8.725842151,-4.211,0.25,0,1,0.127
CCc1ncnc(-c2cc(F)c(C(=O)N3CCN(CCNS(C)(=O)=O)CC3)c(F)c2)c1C#Cc1ccc(N)nc1,6.67223251,9.050609993,-4.208,0.132,0,1,0.058
CCc1ncnc(-c2cc(F)c(C(=O)N3CCN4CCCC4C3)c(Cl)c2)c1C#Cc1ccc(N)nc1,6.757955761,10.15490196,-4.154,1.382,0,,0.399
CCc1ncnc(-c2cc(F)c(C(=O)N3CCN(Cc4cc(C)no4)CC3)c(Cl)c2)c1C#Cc1ccc(N)nc1,6.96589317,8.899629455,-4.169,0.736,0,1,0.297
CCc1ncnc(-c2cc(F)c(C(=O)N3CCN(CCOC)CC3)c(F)c2)c1C#Cc1ccc(N)nc1,,8.66756154,-4.459,0.762,0,1,0.352
CCc1ncnc(-c2cc(F)c(C(=O)N3CCN(CCOCCO)CC3)c(F)c2)c1C#Cc1ccc(N)nc1,6.947344527,8.779891912,-4.358,,0,1,0.458
CCc1ncnc(-c2cc(F)c(C(=O)N3CCN(CCOCCO)CC3)c(Cl)c2)c1C#Cc1ccc(N)nc1,7.065249125,9.119186408,-4.362,0.443,,1,0.527
CCc1ncnc(-c2cc(F)c(C(=O)N3CCN(Cc4nc(C)c(C)o4)CC3)c(F)c2)c1C#Cc1ccc(N)nc1,6.106071873,9.30980392,-4.183,1.021,0,1,0.318
CCc1ncnc(-c2cc(F)c(C(=O)N3CCN(Cc4cc(C)no4)CC3)c(F)c2)c1C#Cc1ccc(N)nc1,6.681602721,9.677780705,-4.152,0.825,0,1,0.228
CCc1ncnc(-c2cc(F)c(C(=O)N3CCN(Cc4nc(C)c(C)o4)CC3)c(Cl)c2)c1C#Cc1ccc(N)nc1,6.714465194,,-4.228,0.931,0,1,0.388
CCc1ncnc(-c2cc(F)c(C(=O)N3CCN(CC3)C3COC3)c(F)c2)c1C#Cc1ccc(N)nc1,6.851397345,8.512861625,-4.227,0.875,,1,0.51
CCc1ncnc(-c2cc(F)c(C(=O)N3CCN(CC3)C=O)c(F)c2)c1C#Cc1ccc(NC)nc1,6.787812396,8.494850022,-4.618,0.89,0,1,0.45
CCc1ncnc(-c2cc(F)c(C(=O)N3CCN(CC4CC4)CC3)c(F)c2)c1C#Cc1ccc(N)nc1,6.723308471,9.026872146,-4.733,,0,1,0.489
CCc1ncnc(-c2cc(F)c(C(=O)N3CCN(CCC#N)CC3)c(F)c2)c1C#Cc1ccc(NC)nc1,6.672028376,8.655607726,-4.804,0.88,0,1,0.225
CCc1ncnc(-c2cc(F)c(C(=O)N3CCN(CCC#N)CC3)c(Cl)c2)c1C#Cc1ccc(N)nc1,6.959793372,,-4.614,0.718,0,1,0.318
CCc1ncnc(-c2cc(F)c(C(=O)N3CCN(CCCS(C)(=O)=O)CC3)c(F)c2)c1C#Cc1ccc(N)nc1,7.254144805,9.26760624,-4.694,0.677,0,1,
CCc1ncnc(-c2cc(F)c(C(=O)N3CCN(CCCS(C)(=O)=O)CC3)c(Cl)c2)c1C#Cc1ccc(N)nc1,,9.148741651,-4.81,0.587,0,1,0.172
CCc1ncnc(-c2cc(F)c(C(=O)N3CCN(CC3)C3CCOCC3)c(F)c2)c1C#Cc1ccc(NC)nc1,6.33170729,8.669586227,-4.467,1.445,0,1,0.254
CCc1ncnc(-c2cc(F)c(C(=O)N3CCN(CC3)C3COC3)c(Cl)c2)c1C#Cc1ccc(N)nc1,,8.416801226,-4.155,0.786,,1,0.579
CCc1ncnc(-c2cc(F)c(C(=O)N3CCN(CC3)C3CCCC3O)c(F)c2)c1C#Cc1ccc(N)nc1,6.974571239,9.552841969,-4.212,0.842,0,1,0.301
CCc1ncnc(-c2cc(F)c(C(=O)N3CCN(CC3)C3CCOCC3)c(F)c2)c1C#Cc1ccc(N)nc1,6.907279355,,-4.318,,0,1,0.278
CCc1ncnc(-c2cc(F)c(C(=O)N3CCN(CC(F)F)CC3)c(F)c2)c1C#Cc1ccc(NC)nc1,6.48598382,8.121478204,-4.635,1.419,0,1,0.146
CCc1ncnc(-c2cc(F)c(C(=O)N3CCN(CC3)C(C)(C)C)c(F)c2)c1C#Cc1ccc(N)nc1,5.877784122,8.123782159,-4.982,1.442,0,1,0.205
CCc1ncnc(-c2cc(F)c(C(=O)N3CCN(CC3)C(C)CO)c(Cl)c2)c1C#Cc1ccc(N)nc1,6.9647304,8.995678626,-4.29,0.578,0,1,0.359
CCc1ncnc(-c2cc(F)c(C(=O)N3CCN(CC3)C(C)C)c(Cl)c2)c1C#Cc1ccc(N)nc1,6.579714115,9.173925197,-5.037,1.41,0,1,0.38
CCc1ncnc(-c2cc(F)c(C(=O)N3CCN(CC3)C(C)CO)c(F)c2)c1C#Cc1ccc(N)nc1,,9.236572006,-4.317,0.668,0,1,0.29
CCc1ncnc(-c2cc(F)c(C(=O)N3CCN(CC3)C(C)C)c(F)c2)c1C#Cc1ccc(N)nc1,6.624702262,8.661543506,-4.935,1.419,,1,0.311
CCc1ncnc(-c2cc(F)c(C(=O)N3CCN(CC3)C(C)COC)c(Cl)c2)c1C#Cc1ccc(N)nc1,6.958370492,9.167491087,-4.524,0.734,0,1,0.389
CCc1ncnc(-c2cc(F)c(C(=O)N3CCN(CC3)C(C)COC)c(F)c2)c1C#Cc1ccc(N)nc1,6.728158393,9.251811973,-4.506,0.823,0,,0.319
CCc1ncnc(-c2cc(F)c(C(=O)N3CCN(CC3)C3CCC3)c(Cl)c2)c1C#Cc1ccc(N)nc1,6.033999142,7.865504144,-4.282,1.365,0,1,0.56
CCc1ncnc(-c2cc(F)c(C(=O)N3CCN(CC3)C3CCCC3O)c(Cl)c2)c1C#Cc1ccc(N)nc1,7.197705289,9.494850022,-4.171,0.753,0,1,0.37
CCc1ncnc(-c2cc(F)c(C(=O)N3CCN(CC3)C3CCC3)c(F)c2)c1C#Cc1ccc(N)nc1,,9.15490196,-4.329,1.406,0,1,0.49
CCc1ncnc(-c2cc(F)c(C(=O)N3CCN(CC(C)(C)O)CC3)c(F)c2)c1C#Cc1ccc(NC)nc1,6.190440285,8.638272164,-4.524,0.811,0,1,
CCc1ncnc(-c2cc(F)c(C(=O)N3CCN(CC(C)O)CC3)c(Cl)c2)c1C#Cc1ccc(N)nc1,6.621002859,9.251811973,-4.27,0.588,0,1,0.276
CCc1ncnc(-c2cc(F)c(C(=O)N3CCN(CC(C)(C)O)CC3)c(Cl)c2)c1C#Cc1ccc(N)nc1,6.937794191,9.537602002,-4.341,0.649,0,1,0.221
CCc1ncnc(-c2cc(F)c(C(=O)N3CCN(CC#C)CC3)c(F)c2)c1C#Cc1ccc(N)nc1,6.785421046,8.065501549,,1.438,0,1,0.202
CCc1ncnc(-c2cc(F)c(C(=O)N3CCN(C)CC3C)c(F)c2)c1C#Cc1ccc(N)nc1,,8.232102384,-4.391,,0,1,0.144
CCc1ncnc(-c2cc(F)c(C(=O)N3CCN(C)CC3)c(F)c2)c1C#Cc1ccc(N)nc1,6.878112015,8.88941029,-4.281,1.426,0,1,0.22
CCc1ncnc(-c2cc(F)c(C(=O)N3CCN(C)CC3C)c(Cl)c2)c1C#Cc1ccc(N)nc1,6.549766292,8.360513511,-4.304,1.459,0,1,0.212
CCc1ncnc(-c2cc(F)c(C(=O)N3CCN(C)CC3)c(F)c2)c1C#Cc1ccc(NC)nc1,6.411056357,8.54668166,-4.469,1.42,0,1,0.197
CCc1ncnc(-c2cc(F)c(C(=O)N3CCC4(CNC4)CC3)c(F)c2)c1C#Cc1ccc(N)nc1,6.267686673,,-4.44,1.047,0,1,0.385
CCc1ncnc(-c2cc(F)c(C(=O)N3CCC4(COC4)CC3)c(Cl)c2)c1C#Cc1ccc(N)nc1,7.588043762,,-4.578,1.019,0,1,0.393
CCc1ncnc(-c2cc(F)c(C(=O)N3CCC4(COC4)CC3)c(F)c2)c1C#Cc1ccc(N)nc1,7.168450148,9.055517328,,1.109,0,1,0.211
CCc1ncnc(-c2cc(F)c(C(=O)N3CCCC3)c(F)c2)c1C#Cc1ccc(N)nc1,6.903785415,9.026872146,-4.476,1.465,0,1,0.326
CCc1ncnc(-c2cc(F)c(C(=O)N3CCN(C)C(=O)C3)c(Cl)c2)c1C#Cc1ccc(N)nc1,,9.585026652,-4.401,0.791,0,1,0.361
CCc1ncnc(-c2cc(F)c(C(=O)N3CCN(C)C(=O)C3)c(F)c2)c1C#Cc1ccc(NC)nc1,6.755475488,8.542118103,-4.577,0.971,0,1,0.388
CCc1ncnc(-c2cc(F)c(C(=O)N3CCN(C)CC3)c(Cl)c2)c1C#Cc1ccc(N)nc1,7.046772028,9,-4.205,1.413,0,1,0.288
CCc1ncnc(-c2cc(F)c(C(=O)N3CCC(F)(F)CC3)c(F)c2)c1C#Cc1ccc(N)nc1,6.783306401,7.726998728,-4.61,1.515,0,1,0.318
CCc1ncnc(-c2cc(F)c(C(=O)N3CCC4(CC(=O)CO4)CC3)c(Cl)c2)c1C#Cc1ccc(N)nc1,7.160710544,9.283996656,-4.391,1,0,1,0.266
CCc1ncnc(-c2cc(F)c(C(=O)N3CCC4(CC(=O)CO4)CC3)c(F)c2)c1C#Cc1ccc(N)nc1,6.840402732,8.675717545,-4.351,1.09,0,1,0.127
CCc1ncnc(-c2cc(F)c(C(=O)N3CCC4(CN(C)C4)CC3)c(Cl)c2)c1C#Cc1ccc(N)nc1,,7.996970529,-4.444,1.493,0,1,0.214
CCc1ncnc(-c2cc(F)c(C(=O)N3CCC4(CNC4)CC3)c(Cl)c2)c1C#Cc1ccc(N)nc1,7.293965339,8.76700389,-4.329,0.957,0,1,0.453
CCc1ncnc(-c2cc(F)c(C(=O)N3CCC4(CN(C)C4)CC3)c(F)c2)c1C#Cc1ccc(N)nc1,6.111567756,8.283162277,-4.523,1.531,0,1,0.145
CCc1ncnc(-c2cc(F)c(C(=O)N3CCC(CO)CC3)c(F)c2)c1C#Cc1ccc(NC)nc1,6.533725678,8.363512104,-4.788,1.488,0,1,0.409
CCc1ncnc(-c2cc(F)c(C(=O)N3CCC(CN)CC3)c(Cl)c2)c1C#Cc1ccc(N)nc1,6.189162849,7.85667287,-4.405,0.803,0,1,0.28
CCc1ncnc(-c2cc(F)c(C(=O)N3CCC(CO)CC3)c(Cl)c2)c1C#Cc1ccc(N)nc1,,9.698970004,-4.646,0.895,0,,0.122
CCc1ncnc(-c2cc(F)c(C(=O)N3CCC(CC3)C(C)O)c(Cl)c2)c1C#Cc1ccc(N)nc1,7.038483989,9.602059991,-4.727,0.841,0,1,0.154
CCc1ncnc(-c2cc(F)c(C(=O)N3CCC(CC3)C(C)O)c(F)c2)c1C#Cc1ccc(NC)nc1,6.33245366,,-4.842,1.508,0,1,0.357
CCc1ncnc(-c2cc(F)c(C(=O)N3CCC(CC3)N3CCOCC3)c(Cl)c2)c1C#Cc1ccc(N)nc1,6.849857838,9.193820026,-4.409,0.904,0,1,0.432
CCc1ncnc(-c2cc(F)c(C(=O)N3CCC(CC3)N3CCOCC3)c(F)c2)c1C#Cc1ccc(N)nc1,6.700274846,9.397940009,-4.444,0.994,0,1,0.362
CCc1ncnc(-c2cc(F)c(C(=O)N3CCC(CN(C)C)CC3)c(Cl)c2)c1C#Cc1ccc(N)nc1,6.350178537,,-4.663,1.474,0,1,0.159
CCc1ncnc(-c2cc(F)c(C(=O)N3CCC(CC3)N3CCOCC3)c(F)c2)c1C#Cc1ccc(NC)nc1,6.373351732,,-4.6,1.461,0,1,0.337
CCc1ncnc(-c2cc(F)c(C(=O)N3CC4(CN(C)C4)C3)c(F)c2)c1C#Cc1ccc(N)nc1,6.464832515,8.420216403,-4.324,1.444,0,1,0.182
CCc1ncnc(-c2cc(F)c(C(=O)N3CCC(C)(O)CC3)c(F)c2)c1C#Cc1ccc(NC)nc1,6.441531437,8.328827157,,1.477,0,1,0.33
CCc1ncnc(-c2cc(F)c(C(=O)N3CCC(CC3)C(C)(C)O)c(Cl)c2)c1C#Cc1ccc(N)nc1,6.91829273,9.017728767,-4.798,0.902,0,1,0.076
CCc1ncnc(-c2cc(F)c(C(=O)N3CCC(C3)N(C)C)c(F)c2)c1C#Cc1ccc(NC)nc1,6.263125638,8.243363892,,,0,1,0.243
CCc1ncnc(-c2cc(F)c(C(=O)N3CCC(CC3)C(C)(C)O)c(F)c2)c1C#Cc1ccc(NC)nc1,6.221921138,8.457174573,-4.886,1.516,0,1,0.188
CCc1ncnc(-c2cc(F)c(C(=O)N(C)CCN(C)C)c(F)c2)c1C#Cc1ccc(N)nc1,6.571379327,,,1.395,,1,0.24
CCc1ncnc(-c2cc(F)c(C(=O)N3CC4(CN(C)C4)C3)c(Cl)c2)c1C#Cc1ccc(N)nc1,6.525929497,8.256490235,-4.261,1.403,0,1,0.25
CCc1ncnc(-c2cc(Cl)c(C(=O)N3CCN(CC(F)F)CC3)c(Cl)c2)c1C#Cc1ccc(N)nc1,7.06641149,8.643974143,-4.411,1.359,0,1,
CCc1ncnc(-c2cc(Cl)c(C(=O)N3CCN4CCCC4C3)c(Cl)c2)c1C#Cc1ccc(N)nc1,6.888401475,9.060480747,-4.049,1.329,0,1,0.403
CCc1ncnc(-c2cc(F)c(C(=O)N(C)C)c(F)c2)c1C#Cc1ccc(N)nc1,7.309272456,8.603800653,-4.446,1.481,0,1,0.401
CCc1ncnc(-c2cc(F)c(C(=O)N(C)C3CCN(C)CC3)c(F)c2)c1C#Cc1ccc(N)nc1,6.471854922,8.334419009,-4.53,1.467,0,1,0.249
CCc1ncnc(-c2cc(Cl)c(C(=O)N3CCN(CC3)C=O)c(Cl)c2)c1C#Cc1ccc(N)nc1,6.859491957,8.406713933,,0.619,0,1,0.436
CCc1ncnc(-c2cc(Cl)c(C(=O)N3CCN(CCC#N)CC3)c(Cl)c2)c1C#Cc1ccc(N)nc1,7.144057054,,-4.53,0.607,0,1,0.322
CCc1cc(ccn1)-c1ncnc(CC)c1C#Cc1ccc(N)nc1,7.397940009,7.958607315,-3.496,1.277,,1,0.846
CCc1ncnc(-c2cc(C)nc(C)c2)c1C#Cc1ccc(N)nc1,7.537602002,,-3.212,1.272,1,1,0.823
CCc1ncnc(-c2cc(Cl)c(C(=O)N3CC4(CN(C)C4)C3)c(Cl)c2)c1C#Cc1ccc(N)nc1,6.222478934,8.011441043,-4.112,1.271,0,1,0.253
CCc1ncnc(-c2cc(Cl)c(C(=O)N3CCC(CC3)C(C)(C)O)c(Cl)c2)c1C#Cc1ccc(N)nc1,,8.790484985,-4.826,0.82,,1,0.155
CCc1ncnc(-c2cc(Cl)c(C(=O)N3CCC(C3)N(C)C)c(Cl)c2)c1C#Cc1ccc(N)nc1,6.62948691,8.277366077,-4.354,1.343,,,0.338
CCc1ncnc(-c2cc(Cl)c(C(=O)N3CCC(C)(O)CC3)c(Cl)c2)c1C#Cc1ccc(N)nc1,7.021545567,8.482804102,-4.438,0.857,0,1,0.255
CCc1ncnc(-c2cc(Cl)c(C(=O)N3CCC4(CN(C)C4)CC3)c(Cl)c2)c1C#Cc1ccc(N)nc1,5.655163833,7.974694135,-4.376,1.358,0,1,0.217
CCc1ncnc(-c2cc(Cl)c(C(=O)N3CCN(C)C(=O)C3)c(Cl)c2)c1C#Cc1ccc(N)nc1,7.691862621,8.701146924,-4.286,0.664,0,1,
CCc1ncnc(-c2cc(Cl)c(C(=O)N3CCC(CO)CC3)c(Cl)c2)c1C#Cc1ccc(N)nc1,7.310779963,9.229147988,-4.615,0.812,0,1,0.201
CCc1ncnc(-c2cc(Cl)c(C(=O)N3CCN(C)CC3)c(Cl)c2)c1C#Cc1ccc(N)nc1,6.910801633,8.4225082,-4.092,1.36,,1,0.291
CCc1ncnc(-c2cc(Cl)c(C(=O)N3CCN(CC(C)(C)O)CC3)c(Cl)c2)c1C#Cc1ccc(N)nc1,7.127261173,8.872895202,-4.248,0.538,0,1,0.225
CCc1ncnc(-c2cc(Cl)c(C(=O)N3CCC(CC3)C(C)O)c(Cl)c2)c1C#Cc1ccc(N)nc1,7.23069654,8.954677021,-4.726,,0,1,0.232
CCOC(=O)N1CCN(CC1)C(=O)c1ccc(cc1F)-c1ncnc(CC)c1C#Cc1ccc(N)nc1,,7.795880017,-4.515,0.833,0,1,0.471
CCOC(=O)N1CCN(CC1)C(=O)c1ccc(cc1OC)-c1ncnc(CC)c1C#Cc1ccc(N)nc1,6.608888386,7.709965389,-4.529,0.799,0,1,0.624
CCNc1ccc(cn1)C#Cc1c(CC)ncnc1-c1ccc(C(=O)N2CCC3(CN(C3)C(=O)OC(C)(C)C)CC2)c(F)c1,6.251656896,7.940815382,-5.9,0.683,0,1,-0.295
CCNc1ccc(cn1)C#Cc1c(CC)ncnc1-c1ccc(C(=O)N2CCC3(COC3)CC2)c(F)c1,6.689519109,8.679853714,-5.04,1.278,0,1,0.462
CCNc1ccc(cn1)C#Cc1c(CC)ncnc1-c1ccc(C(=O)N2CCN(CCCS(C)(=O)=O)CC2)c(F)c1,6.957818405,8.809668302,-4.998,0.592,0,1,0.277
CCNc1ccc(cn1)C#Cc1c(CC)ncnc1-c1ccc(C(=O)N2CCN(CCNS(C)(=O)=O)CC2)c(F)c1,7.21013737,8.8569852,-4.299,0.472,0,1,0.272
CCNc1ccc(cn1)C#Cc1c(CC)ncnc1-c1ccc(C(=O)N2CCn3c(C)cnc3C2)c(F)c1,6.873868593,8.787812396,-3.285,1.359,0,1,0.528
CCNc1ccc(cn1)C#Cc1c(CC)ncnc1-c1ccc(C(=O)N2CCn3ccnc3C2)c(F)c1,7.194907122,9.091514981,-3.246,1.34,0,1,
CCNc1ccc(cn1)C#Cc1c(CC)ncnc1-c1ccc(C(=O)N2CCn3cnnc3C2)c(F)c1,7.353204311,8.835647144,-3.928,0.663,0,1,0.435
CCNc1ccc(cn1)C#Cc1c(CC)ncnc1-c1ccc(C(=O)N2CCN(CC2)C2CCC2)c(F)c1,,8.785156152,-4.464,1.184,0,1,0.666
CCOC(=O)N1CCN(CC1)C(=O)c1ccc(cc1Cl)-c1ncnc(CC)c1C#Cc1ccc(N)nc1,7.08772479,8.444905551,-4.532,0.815,0,1,0.48
CCOC(=O)N1CCN(CC1)C(=O)c1ccc(cc1C)-c1ncnc(CC)c1C#Cc1ccc(N)nc1,7.145572494,8.571865206,-4.441,0.927,0,1,0.715
CCN1CCN(CC1)C(=O)c1ccc(cc1OC(F)(F)F)-c1ncnc(CC)c1C#Cc1ccc(N)nc1,6.70863115,7.841336019,-4.307,0.55,0,1,0.013
CCN1CCN(CC1)C1CCN(CC1)C(=O)c1ccc(cc1F)-c1ncnc(CC)c1C#Cc1ccc(N)nc1,6.515700161,8.301029996,-4.097,0.902,0,1,0.386
CCNc1ccc(cn1)C#Cc1c(CC)ncnc1-c1ccc(C(=O)N2CC3(CN(C3)C(=O)OC(C)(C)C)C2)c(F)c1,6.375821074,8.033389013,-5.676,0.633,0,1,-0.333
CCN1CCN(CC1)C(=O)c1ccc(cc1OC)-c1ncnc(CC)c1C#Cc1ccc(N)nc1,,8.522878745,-4.03,0.714,0,1,0.496
CCNc1ccc(cn1)C#Cc1c(CC)ncnc1-c1ccc(C(=O)N2CCC(CC2)N2CCOCC2)c(F)c1,6.67943832,8.793174124,-4.581,1.181,0,1,0.537
CCN(CC)C1CCN(C1)C(=O)c1ccc(cc1F)-c1ncnc(CC)c1C#Cc1ccc(N)nc1,6.417936637,7.602059991,-4.489,1.348,0,1,0.483
CCN(CC)C(=O)c1cccc(c1)-c1ncnc(CC)c1C#Cc1ccc(N)nc1,6.725842151,6.962573502,-4.189,1.37,1,1,0.934
CCN1CCN(CC1)C(=O)c1c(F)cc(cc1Cl)-c1ncnc(CC)c1C#Cc1ccc(N)nc1,6.7490923,8.906578315,-4.347,1.396,0,,0.329
CCN1CCN(CC1)C(=O)c1c(F)cc(cc1F)-c1ncnc(CC)c1C#Cc1ccc(N)nc1,6.559405738,8.649751982,,1.409,0,1,0.261
CCN1CCCC1CNC(=O)c1ccc(cc1F)-c1ncnc(CC)c1C#Cc1ccc(N)nc1,6.247183569,7.337242168,-4.311,0.736,0,1,0.594
CCN1CCN(CC1)C(=O)c1c(Cl)cc(cc1Cl)-c1ncnc(CC)c1C#Cc1ccc(N)nc1,7.041483897,8.853871964,-4.262,1.343,0,1,0.332
CCN1CCN(CC1)C(=O)c1ccc(cc1C(F)(F)F)-c1ncnc(CC)c1C#Cc1ccc(N)nc1,6.733533105,7.865822892,-4.131,1.389,0,1,
CCN1CCN(CC1)C(=O)c1c(F)cc(cc1F)-c1ncnc(CC)c1C#Cc1ccc(NC)nc1,6.325782054,8.446116973,-4.574,1.403,0,1,
CCN1CCN(CC1)C(=O)c1ccc(cc1Cl)-c1ncnc(CC)c1C#Cc1ccc(NC)nc1,6.755970411,7.699621935,-4.333,1.366,0,1,0.457
CCN1CCN(CC1)C(=O)c1ccc(cc1Cl)-c1ncnc(CC)c1C#Cc1ccc(N)nc1,,8.698970004,-4.048,1.371,0,1,0.48
CCC(CC)N1CCN(CC1)C(=O)c1ccc(cc1F)-c1ncnc(CC)c1C#Cc1ccc(N)nc1,6.415668776,7.795880017,-4.85,1.371,0,,0.517
CCCCN1CCN(CC1)C(=O)c1ccc(cc1C)-c1ncnc(CC)c1C#Cc1ccc(N)nc1,6.832682665,8.818156412,-4.452,1.238,,1,0.531
CCCCN1CCN(CC1)C(=O)c1ccc(cc1)-c1ncnc(C)c1C#Cc1ccc(N)nc1,6.815308569,8.096910013,-4.052,1.296,0,,
CCCCN1CCN(CC1)C(=O)c1ccc(cc1Cl)-c1ncnc(CC)c1C#Cc1ccc(N)nc1,,9,-4.57,1.228,0,1,0.498
CCN(CC)C(=O)c1cc(ccc1Cl)-c1ncnc(CC)c1C#Cc1ccc(N)nc1,6.266802735,7.769551079,-4.463,1.373,0,1,0.266
CCCCN1CCN(CC1)C(=O)c1ccc(cc1OC)-c1ncnc(CC)c1C#Cc1ccc(N)nc1,6.299555899,8.344861565,-4.595,1.021,0,1,0.518
CCN(CC)C(=O)c1cccc(c1)-c1ncnc(C)c1C#Cc1ccc(N)nc1,6.511449283,7.086186148,-3.986,1.252,1,1,0.943
CCCN1CCN(CC1)C(=O)c1c(F)cc(cc1F)-c1ncnc(CC)c1C#Cc1ccc(N)nc1,6.87484417,8.669586227,-4.593,1.383,0,1,0.179
CCCCN1CCN(CC1)C(=O)c1ccc(cc1F)-c1ncnc(CC)c1C#Cc1ccc(N)nc1,6.659555885,8.397940009,-4.572,1.283,0,1,0.454
CCC(C)N1CCN(CC1)C(=O)c1ccc(cc1F)-c1ncnc(CC)c1C#Cc1ccc(N)nc1,6.406713933,8,,1.364,0,1,